# README_V2.0.pdf (figshare 10.25380/iastate.22582234 v2, md5 c03da9a1a3499989d2cdb655b41d4d0b) Appendix A1, transcribed by pdftotext -layout
group,charge_C_rate,discharge_C_rate,mean_DoD_percent
1,0.500,0.500,25.90
2,0.500,0.500,46.11
3,0.500,0.500,67.77
4,1.000,0.500,47.27
5,1.000,0.500,97.54
6,2.000,0.500,27.23
7,2.000,0.500,46.86
8,2.000,0.500,67.24
9,2.000,0.500,96.93
10,2.500,0.500,47.21
11,2.500,0.500,95.98
12,3.000,0.500,28.60
13,3.000,0.500,47.26
14,3.000,0.500,66.32
16,0.500,0.500,97.62
17,1.000,0.500,67.53
18,2.500,0.500,27.53
19,2.500,0.500,65.70
20,0.800,0.500,98.16
21,1.200,0.500,97.98
22,1.400,0.500,97.88
23,1.600,0.500,97.61
24,1.800,0.500,97.51
25,1.800,0.600,51.43
26,1.400,2.200,4.16
27,0.600,2.400,57.85
28,2.400,1.600,80.99
29,1.600,1.800,52.48
30,0.800,0.800,77.59
31,1.200,1.000,61.43
32,1.000,1.400,38.86
33,2.000,1.200,40.65
34,2.200,2.000,27.60
35,1.825,0.500,97.02
36,2.075,0.500,97.06
37,0.725,0.500,98.08
38,1.875,0.500,95.83
39,1.475,0.500,97.14
40,1.825,1.025,31.94
41,2.075,1.775,67.02
42,0.725,2.375,36.32
43,1.875,2.325,38.00
44,0.775,1.275,37.12
45,1.125,1.725,80.26
46,1.225,2.025,75.36
47,2.325,1.925,48.27
48,2.375,2.225,58.57
49,0.975,0.675,18.82
50,2.425,1.625,20.10
51,2.275,1.875,53.64
52,1.425,0.875,83.55
53,2.025,0.825,91.54
54,0.925,1.125,27.05
55,1.025,2.475,61.44
56,2.175,0.975,53.81
57,1.775,1.175,17.42
58,2.475,0.575,42.03
59,1.325,1.825,31.64
60,0.675,1.325,83.63
61,2.125,1.975,54.07
62,1.575,2.425,64.19
63,1.975,1.675,80.57
64,1.175,1.425,91.44
