cell_id,n_stored,n_kept,n_dropped_by_cleaning,too_short,q1,q1_first,q1_material_diff,denominator,excluded_by_guard,T,q1_k1,q1_k10,q1_k20,q1_k50,T_r2_rho0.70,guard_r2_rho0.70,T_r1_rho0.70,guard_r1_rho0.70,T_r2_rho0.75,guard_r2_rho0.75,T_r1_rho0.75,guard_r1_rho0.75,T_r2_rho0.80,guard_r2_rho0.80,T_r1_rho0.80,guard_r1_rho0.80,T_r2_rho0.85,guard_r2_rho0.85,T_r1_rho0.85,guard_r1_rho0.85,T_r2_rho0.90,guard_r2_rho0.90,T_r1_rho0.90,guard_r1_rho0.90,t1,T_from_record_end,fit_start,fit_end,monotone_violation_Ah,monotone_within_tol,rmse_power_law,rmse_two_term_exponential,rmse_rollover,best_family_in_sample,n_pos_k2.0_m2,n_neg_k2.0_m2,n_pos_k2.0_m3,n_neg_k2.0_m3,n_pos_k2.5_m2,n_neg_k2.5_m2,n_pos_k2.5_m3,n_neg_k2.5_m3,n_pos_k3.0_m2,n_neg_k3.0_m2,n_pos_k3.0_m3,n_neg_k3.0_m3,n_pos_k3.5_m2,n_neg_k3.5_m2,n_pos_k3.5_m3,n_neg_k3.5_m3,n_pos_k4.0_m2,n_neg_k4.0_m2,n_pos_k4.0_m3,n_neg_k4.0_m3,residual_scale_Ah,stratum,group
G14C1,425,425,0,False,0.28905687314018647,0.28905687314018647,False,0.08905687314018645,False,417,0.28905687314018647,0.28905687314018647,0.28905687314018647,0.28905687314018647,,False,382,False,,False,246,False,417,False,57,False,289,False,30,False,83,False,15,False,1,False,1,417,0.002465718716638643,True,0.012828713528222376,0.014542947132894439,0.0070172812624310354,rollover,0,0,0,0,0,0,0,0,0,0,0,0,0,0,0,0,0,0,0,0,0.002357464112409544,S_partial,14
G16C1,761,761,0,False,0.2824037081910239,0.28107150008717724,False,0.08240370819102388,False,555,0.28107150008717724,0.28160313672625265,0.2824037081910239,0.2824037081910239,621.0,False,568,False,599.0,False,523,False,555,False,475,False,520,False,402,False,475,False,299,False,20,False,20,555,0.004285278883404159,False,0.008398901384670816,0.0036776530388351707,0.0036604853014691424,rollover,5,2,4,1,3,1,3,0,3,0,2,0,2,0,1,0,1,0,0,0,0.0008616886324518924,S_full,16
G16C2,695,695,0,False,0.2861691585756813,0.2861691585756813,False,0.0861691585756813,False,583,0.2861691585756813,0.2861691585756813,0.2861691585756813,0.2861691585756813,618.0,False,583,False,592.0,False,566,False,583,False,540,False,573,False,460,False,548,False,334,False,1,False,1,583,0.0035478904622945895,False,0.013570468253684416,0.006587016546554829,0.005232805622315987,rollover,4,6,1,4,0,2,0,0,0,0,0,0,0,0,0,0,0,0,0,0,0.0014036366753403422,S_full,16
G16C3,714,714,0,False,0.2832168456699318,0.2832168456699318,False,0.08321684566993182,False,575,0.2832168456699318,0.2832168456699318,0.2832168456699318,0.2832168456699318,595.0,False,577,False,582.0,False,556,False,575,False,474,False,555,False,371,False,478,False,268,False,1,False,1,575,0.004673304035426429,False,0.008586821759926987,0.007182994206608779,0.005631823191856705,rollover,4,6,3,3,2,4,0,3,1,1,0,1,0,0,0,0,0,0,0,0,0.0013779133762938673,S_full,16
G16C4,739,739,0,False,0.28739238309561344,0.2864963043597679,False,0.08739238309561342,False,562,0.2864963043597679,0.28700953788016714,0.28739238309561344,0.2876360173256315,600.0,False,561,False,593.0,False,543,False,562,False,508,False,544,False,401,False,520,False,295,False,12,False,12,562,0.006325151429401155,False,0.011046146446699885,0.006162841587684243,0.005851629430761997,rollover,4,4,3,3,4,1,2,1,2,0,0,0,0,0,0,0,0,0,0,0,0.001457426390850788,S_full,16
G17C1,1484,1482,2,False,0.2824934790544523,0.2824934790544523,False,0.08249347905445231,False,1165,0.2824934790544523,0.2824934790544523,0.2824934790544523,0.2824934790544523,1296.0,False,1173,False,1240.0,False,1125,False,1165,False,1041,False,1124,False,949,False,1043,False,498,False,1,False,1,1165,0.016962195066531516,False,0.018575645553432923,0.01023887900347992,0.010120684370889425,rollover,4,0,1,0,1,0,1,0,1,0,1,0,1,0,1,0,1,0,1,0,0.002731847600984007,S_partial,17
G17C2,1253,1253,0,False,0.2860033098053401,0.2860033098053401,False,0.0860033098053401,False,1158,0.2860033098053401,0.2860033098053401,0.2860033098053401,0.2860033098053401,1192.0,False,1158,False,1174.0,False,1136,False,1158,False,1099,False,1141,False,943,False,1114,False,494,False,1,False,1,1158,0.014421389257871009,False,0.017794250351173633,0.009793738846591116,0.009959428190849716,two_term_exponential,5,3,2,1,2,0,1,0,2,0,2,0,1,0,1,0,0,0,0,0,0.002677696129261873,S_partial,17
G17C3,1322,1322,0,False,0.28626329164568454,0.28626329164568454,False,0.08626329164568453,False,1266,0.28626329164568454,0.28626329164568454,0.28626329164568454,0.28626329164568454,1280.0,False,1266,False,1272.0,False,1248,False,1266,False,1162,False,1250,False,1000,False,1238,False,548,False,1,False,1,1266,0.012450868677746973,False,0.014653345802885862,0.010224013902451189,0.009637070052159252,rollover,8,2,5,1,4,3,1,2,1,0,0,0,0,0,0,0,1,0,1,0,0.0024903844297420163,S_partial,17
G17C4,1083,1083,0,False,0.28359247896842765,0.28359247896842765,False,0.08359247896842764,False,1006,0.28359247896842765,0.28359247896842765,0.28359247896842765,0.28359247896842765,1040.0,False,1007,False,1023.0,False,977,False,1006,False,953,False,977,False,828,False,955,False,515,False,1,False,1,1006,0.015121370010227675,False,0.016041045036388084,0.009819697801609031,0.009811955956401558,rollover,8,5,6,5,5,4,4,4,4,1,3,1,6,0,1,0,2,0,1,0,0.0021573753669528674,S_partial,17
G19C1,1013,1013,0,False,0.2833555137175095,0.2833555137175095,False,0.08335551371750949,False,767,0.2833555137175095,0.2833555137175095,0.2833555137175095,0.2833555137175095,1013.0,False,770,False,835.0,False,611,False,767,False,397,False,611,False,58,False,421,False,25,False,1,False,1,767,0.004392981680184427,False,0.01769400742830449,0.01838651534182233,0.018265784018699167,power_law,1,0,1,0,1,0,1,0,1,0,1,0,1,0,1,0,0,0,0,0,0.005606612934968873,S_partial,19
G19C2,853,853,0,False,0.2830723566485267,0.2822612826071972,False,0.08307235664852669,False,603,0.2822612826071972,0.2830723566485267,0.2830723566485267,0.2830723566485267,,False,635,False,797.0,False,497,False,603,False,154,False,496,False,63,False,347,False,32,False,3,False,3,603,0.0064397769906927305,False,0.01848971794577783,0.01654212582111173,0.012521519915846912,rollover,3,0,1,0,0,0,0,0,0,0,0,0,0,0,0,0,0,0,0,0,0.00407029075838264,S_partial,19
G19C3,1138,1138,0,False,0.2851862193878433,0.2851862193878433,False,0.08518621938784326,False,978,0.2851862193878433,0.2851862193878433,0.2851862193878433,0.2851862193878433,,False,978,False,1072.0,False,806,False,978,False,674,False,809,False,195,False,711,False,39,False,1,False,1,978,0.013838804293151763,False,0.017877452720825155,0.016885016886415614,0.015834073510102326,rollover,0,8,0,5,2,0,1,0,3,0,2,0,2,0,1,0,0,0,0,0,0.00264106123708347,S_partial,19
G19C4,422,422,0,False,0.28804174416330713,0.28804174416330713,False,0.08804174416330712,False,335,0.28804174416330713,0.28804174416330713,0.28804174416330713,0.28804174416330713,422.0,False,327,False,375.0,False,258,False,335,False,176,False,298,False,56,False,214,False,27,False,1,False,1,335,0.0017727601737924092,True,0.011610888442384375,0.01208888891420481,0.007097632798600711,rollover,0,0,0,0,0,2,0,2,0,2,0,2,0,0,0,0,0,0,0,0,0.002028498764811228,S_partial,19
G20C1,382,382,0,False,0.28341683795333933,0.28341683795333933,False,0.08341683795333932,False,339,0.28341683795333933,0.28341683795333933,0.28341683795333933,0.28341683795333933,361.0,False,341,False,351.0,False,328,False,339,False,313,False,329,False,289,False,315,False,224,False,1,False,1,339,0.0005914902269210376,True,0.01336478611307026,0.0050206261014261525,0.00172326193767824,rollover,2,5,1,4,1,2,1,2,1,0,1,0,1,0,1,0,1,0,1,0,0.00034695498899322603,S_full,20
G20C2,423,423,0,False,0.28558508059879323,0.28558508059879323,False,0.08558508059879322,False,388,0.28558508059879323,0.28558508059879323,0.28558508059879323,0.28558508059879323,404.0,False,388,False,397.0,False,376,False,388,False,358,False,378,False,337,False,362,False,275,False,1,False,1,388,0.00011825460281095213,True,0.014134912988503872,0.004549121393324075,0.0018784030243962646,rollover,2,0,2,0,3,0,2,0,1,2,1,2,1,2,0,2,0,2,0,2,0.0003192571097864545,S_full,20
G20C3,768,768,0,False,0.2810254206333541,0.2810254206333541,False,0.0810254206333541,False,655,0.2810254206333541,0.2810254206333541,0.2810254206333541,0.2810254206333541,713.0,False,667,False,687.0,False,578,False,655,False,405,False,560,False,259,False,404,False,153,False,1,False,1,655,0.0004184576977415144,True,0.0049725076543388706,0.003630128624758874,0.0024530120742832793,rollover,2,2,2,1,1,0,1,0,0,1,0,1,0,1,0,1,0,2,0,1,0.0006101530255595122,S_full,20
G20C4,720,720,0,False,0.28635288219616,0.28635288219616,False,0.08635288219616,False,655,0.28635288219616,0.28635288219616,0.28635288219616,0.28635288219616,672.0,False,654,False,661.0,False,640,False,655,False,561,False,643,False,425,False,583,False,284,False,1,False,1,655,0.0016398167166711553,True,0.006699577836952873,0.00333645534189168,0.002011544877026619,rollover,6,0,4,0,1,0,0,0,0,0,0,0,0,0,0,0,0,0,0,0,0.0005218865807148407,S_full,20
G21C1,591,591,0,False,0.28640498298813866,0.28640498298813866,False,0.08640498298813865,False,490,0.28640498298813866,0.28640498298813866,0.28640498298813866,0.28640498298813866,526.0,False,490,False,508.0,False,470,False,490,False,444,False,472,False,395,False,456,False,248,False,1,False,1,490,0.0010185136309831533,True,0.015348757734559902,0.0048266981197792975,0.003392582965912818,rollover,3,0,2,0,0,0,0,0,0,0,0,0,1,0,1,0,1,0,1,0,0.0008228164495709408,S_full,21
G21C2,931,931,0,False,0.28626759734362905,0.28626759734362905,False,0.08626759734362904,False,782,0.28626759734362905,0.28626759734362905,0.28626759734362905,0.28626759734362905,799.0,False,781,False,791.0,False,751,False,782,False,658,False,757,False,499,False,693,False,317,False,1,False,1,782,0.0026933312103753493,True,0.00843727117496098,0.002530104078043934,0.0022658295849512307,rollover,4,1,3,1,4,0,3,0,4,0,3,0,4,0,2,0,2,0,2,0,0.0005529429629028791,S_full,21
G21C3,742,704,38,False,0.2871311104879186,0.2871311104879186,False,0.0871311104879186,False,613,0.2871311104879186,0.2871311104879186,0.2871311104879186,0.2871311104879186,623.0,False,612,False,618.0,False,594,False,613,False,553,False,598,False,463,False,571,False,303,False,1,False,1,613,0.000832291384904843,True,0.0120481848627378,0.0028765244214245516,0.0025216472618301016,rollover,3,1,3,0,3,0,3,0,2,0,1,0,0,0,0,0,0,0,0,0,0.0007384480542851363,S_full,21
G21C4,664,664,0,False,0.2852928002551168,0.2852928002551168,False,0.08529280025511676,False,551,0.2852928002551168,0.2852928002551168,0.2852928002551168,0.2852928002551168,568.0,False,552,False,560.0,False,540,False,551,False,516,False,542,False,447,False,522,False,310,False,1,False,1,551,0.0006459154962334956,True,0.012659433515360672,0.003473092420831736,0.0022908692474010624,rollover,3,1,3,0,2,0,2,0,1,0,1,0,0,0,0,0,0,0,0,0,0.0007146632891383299,S_full,21
G22C1,591,591,0,False,0.2867094726124211,0.28667014509071276,False,0.08670947261242107,False,506,0.28667014509071276,0.2867094726124211,0.2867094726124211,0.2867094726124211,532.0,False,505,False,520.0,False,491,False,506,False,476,False,493,False,451,False,480,False,336,False,2,False,2,506,0.00038428362605280597,True,0.017546434866484866,0.006815641010885801,0.0019490927902540453,rollover,5,1,2,1,2,0,2,0,2,0,2,0,2,0,1,0,1,0,1,0,0.000510688602299119,S_full,22
G22C2,519,519,0,False,0.28719205112206064,0.28719205112206064,False,0.08719205112206063,False,322,0.28719205112206064,0.28719205112206064,0.28719205112206064,0.28719205112206064,349.0,False,321,False,336.0,False,302,False,322,False,282,False,306,False,263,False,289,False,225,False,1,False,1,322,0.00041690008303563175,True,0.011607778354673508,0.006270203919698316,0.002501495572751077,rollover,1,1,1,1,1,2,0,2,1,0,1,0,1,0,1,0,1,0,1,0,0.00039557665127464903,S_full,22
G22C3,655,655,0,False,0.2836848244751641,0.2836848244751641,False,0.08368482447516407,False,538,0.2836848244751641,0.2836848244751641,0.2836848244751641,0.2836848244751641,608.0,False,541,False,574.0,False,508,False,538,False,454,False,508,False,373,False,464,False,246,False,1,False,1,538,0.0006613355571444268,True,0.00936135801664963,0.003925827256097551,0.003873903826598051,rollover,0,2,0,0,0,0,0,0,1,0,1,0,1,0,1,0,1,0,1,0,0.0010170499913886829,S_full,22
G22C4,528,528,0,False,0.2921662043154066,0.2921662043154066,False,0.09216620431540656,False,446,0.2921662043154066,0.2921662043154066,0.2921662043154066,0.2921662043154066,474.0,False,440,False,459.0,False,421,False,446,False,398,False,429,False,368,False,413,False,317,False,1,False,1,446,0.000385983506998977,True,0.012606470536840976,0.004006536030118834,0.0018741136440779162,rollover,2,0,1,0,2,0,2,0,3,1,3,1,2,0,2,0,2,0,2,0,0.0003782437616580779,S_full,22
G23C1,684,684,0,False,0.2855033019842007,0.2855033019842007,False,0.0855033019842007,False,530,0.2855033019842007,0.2855033019842007,0.2855033019842007,0.2855033019842007,629.0,False,531,False,577.0,False,481,False,530,False,423,False,487,False,321,False,442,False,171,False,1,False,1,530,0.0005748077422396691,True,0.01119104622027054,0.005278970109927808,0.004961726984172129,rollover,0,0,0,0,0,0,0,0,0,0,0,0,0,0,0,0,0,0,0,0,0.0010358141880419866,S_full,23
G23C2,746,746,0,False,0.2810163355636138,0.2810163355636138,False,0.08101633556361376,False,599,0.2810163355636138,0.2810163355636138,0.2810163355636138,0.2810163355636138,705.0,False,612,False,649.0,False,557,False,599,False,497,False,550,False,392,False,496,False,170,False,1,False,1,599,0.0011763883051127966,True,0.013569049576222507,0.00769792279010146,0.00699671353013644,rollover,0,0,0,0,0,0,0,0,0,0,0,0,0,0,0,0,0,0,0,0,0.0011788988819927135,S_full,23
G23C3,634,634,0,False,0.2837550043324682,0.2837550043324682,False,0.08375500433246819,False,486,0.2837550043324682,0.2837550043324682,0.2837550043324682,0.2837550043324682,577.0,False,491,False,531.0,False,447,False,486,False,399,False,448,False,301,False,404,False,114,False,1,False,1,486,0.0006009463033762041,True,0.016872356440164982,0.01062193960628801,0.00985648108772235,rollover,0,0,0,0,0,0,0,0,1,0,1,0,1,0,1,0,1,0,1,0,0.00274619074799935,S_full,23
G23C4,737,737,0,False,0.28514482090926796,0.28514482090926796,False,0.08514482090926795,False,575,0.28514482090926796,0.28514482090926796,0.28514482090926796,0.28514482090926796,676.0,False,577,False,622.0,False,528,False,575,False,463,False,534,False,395,False,478,False,224,False,1,False,1,575,0.0015577300660772342,True,0.009724154918685843,0.007516595833968906,0.006268898897872467,rollover,0,2,0,2,0,3,0,3,0,0,0,0,0,1,0,1,0,0,0,0,0.000705840368576716,S_full,23
G24C1,636,636,0,False,0.2814308583368171,0.2814308583368171,False,0.08143085833681707,False,532,0.2814308583368171,0.2814308583368171,0.2814308583368171,0.2814308583368171,611.0,False,544,False,573.0,False,495,False,532,False,434,False,489,False,353,False,435,False,87,False,1,False,1,532,0.0014269172096487148,True,0.013333327723636093,0.009530785654240492,0.009038913417109195,rollover,0,0,0,0,0,0,0,0,0,0,0,0,0,0,0,0,0,0,0,0,0.001447628104443974,S_full,24
G24C2,761,761,0,False,0.2828821437472758,0.2828821437472758,False,0.08288214374727582,False,624,0.2828821437472758,0.2828821437472758,0.2828821437472758,0.2828821437472758,724.0,False,633,False,671.0,False,579,False,624,False,518,False,578,False,348,False,529,False,132,False,1,False,1,624,0.0013828946531668773,True,0.013395001875777557,0.007602079642777981,0.0075489621307117255,rollover,0,0,0,0,0,0,0,0,0,0,0,0,0,0,0,0,0,0,0,0,0.0012988136058138513,S_full,24
G24C3,557,557,0,False,0.28420794224217133,0.28420794224217133,False,0.08420794224217132,False,443,0.28420794224217133,0.28420794224217133,0.28420794224217133,0.28420794224217133,492.0,False,445,False,468.0,False,411,False,443,False,380,False,413,False,339,False,386,False,257,False,1,False,1,443,0.0012624989176708845,True,0.010028563191691675,0.00808734644452856,0.006037383159557547,rollover,1,3,0,1,0,1,0,1,0,0,0,0,0,0,0,0,0,0,0,0,0.0007213988516831298,S_full,24
G24C4,639,639,0,False,0.28226393483671486,0.28226393483671486,False,0.08226393483671485,False,460,0.28226393483671486,0.28226393483671486,0.28226393483671486,0.28226393483671486,608.0,False,480,False,540.0,False,408,False,460,False,352,False,403,False,283,False,356,False,69,False,1,False,1,460,0.0005443546420387246,True,0.015835673269979703,0.012396764249483997,0.01103909798900194,rollover,0,0,0,0,0,0,0,0,0,0,0,0,0,0,0,0,0,0,0,0,0.0020772697058414674,S_full,24
G25C1,1528,1527,1,False,0.2860143641729934,0.28535824580913355,False,0.08601436417299341,False,1303,0.28535824580913355,0.2860143641729934,0.2860143641729934,0.2860143641729934,1466.0,False,1304,False,1337.0,False,1178,False,1303,False,1077,False,1186,False,930,False,1100,False,690,False,5,False,5,1303,0.02161346146684423,False,0.013912667172195954,0.012246180678843106,0.011618683480895543,rollover,2,2,2,2,4,0,3,0,3,2,3,2,6,0,6,0,5,0,4,0,0.0020989111732420277,S_partial,25
G25C2,1594,1592,2,False,0.28535528993619974,0.28535528993619974,False,0.08535528993619973,False,1393,0.28535528993619974,0.28535528993619974,0.28535528993619974,0.28535528993619974,1519.0,False,1395,False,1438.0,False,1357,False,1393,False,1231,False,1360,False,1061,False,1237,False,805,False,1,False,1,1393,0.027593671091501737,False,0.017761016466918265,0.0137558115804056,0.013388007834949296,rollover,7,4,7,3,7,3,7,3,6,1,5,1,4,1,4,1,3,1,2,1,0.0023042852842739144,S_partial,25
G25C3,3042,3041,1,False,0.284408183216973,0.28436815565353646,False,0.08440818321697297,False,1692,0.28436815565353646,0.284408183216973,0.284408183216973,0.284408183216973,1964.0,False,1703,False,1852.0,False,1515,False,1692,False,1291,False,1519,False,1055,False,1312,False,524,False,2,False,2,1692,0.01974889080574818,False,0.01331290969386032,0.011429440732241341,0.010665992478118834,rollover,6,0,5,0,5,0,4,0,6,0,5,0,6,0,5,0,5,0,5,0,0.002220248074414444,S_partial,25
G25C4,6319,6317,2,False,0.28244117957613474,0.28219239648550215,False,0.08244117957613473,False,3087,0.28219239648550215,0.28244117957613474,0.28244117957613474,0.28244117957613474,4203.0,False,3189,False,3614.0,False,2579,False,3087,False,2108,False,2576,False,1432,False,2225,False,525,False,3,False,3,3087,0.01676552328201339,False,0.013107615279349918,0.012141763573267498,0.011798840263121599,rollover,10,2,9,2,9,0,8,0,5,0,3,0,5,0,4,0,5,0,3,0,0.0023440425786704342,S_partial,25
G27C1,8908,8900,8,False,0.28879660456235823,0.28259797298663064,True,0.08879660456235822,False,2031,0.28259797298663064,0.2886211352239158,0.28879660456235823,0.28879660456235823,3828.0,False,2032,False,2048.0,False,1852,False,2031,False,1676,False,1848,False,1361,False,1703,False,829,False,11,False,11,2031,0.024032688813222625,False,0.01555712387925039,0.014200806820659075,0.013763970708464844,rollover,9,10,5,7,12,1,8,0,7,1,4,1,7,1,4,1,5,0,3,0,0.002644058160736865,S_partial,27
G27C2,10372,10363,9,False,0.28393991071278213,0.2822509639328028,False,0.08393991071278212,False,1856,0.2822509639328028,0.28393991071278213,0.28393991071278213,0.28393991071278213,4384.0,False,1858,False,2220.0,False,1697,False,1856,False,1351,False,1697,False,1032,False,1352,False,604,False,5,False,5,1856,0.04896191188462129,False,0.01531898040202097,0.015297744675984163,0.015245812871440964,rollover,10,25,7,14,7,10,3,4,6,3,4,1,5,1,3,1,2,1,2,1,0.0020558204665379128,S_partial,27
G27C3,3684,3684,0,False,0.2846955484767156,0.28380519583673175,False,0.08469554847671557,False,1340,0.28380519583673175,0.2846955484767156,0.2846955484767156,0.2846955484767156,3138.0,False,1342,False,1391.0,False,1327,False,1340,False,1054,False,1327,False,763,False,1065,False,417,False,5,False,5,1340,0.02096347316242278,False,0.012721748415561817,0.01269056949492282,0.01265020551445185,rollover,10,9,9,6,8,2,3,0,5,0,3,0,2,0,2,0,3,0,1,0,0.0024971867001255662,S_partial,27
G27C4,8842,8840,2,False,0.2843296810581503,0.2792085371760001,True,0.08432968105815031,False,1475,0.2792085371760001,0.2843296810581503,0.2843296810581503,0.2843296810581503,3731.0,False,1504,False,1891.0,False,1381,False,1475,False,1232,False,1354,False,1081,False,1227,False,853,False,6,False,6,1475,0.03945143281124558,False,0.01799412351875132,0.014849301628042677,0.013939641984774175,rollover,3,15,2,8,3,3,2,3,3,8,3,7,2,0,1,0,2,1,1,1,0.0015843423183825225,S_partial,27
G28C1,1698,1698,0,False,0.2868334432033466,0.2868334432033466,False,0.08683344320334657,False,1055,0.2868334432033466,0.2868334432033466,0.2868334432033466,0.2868334432033466,1405.0,False,1044,False,1221.0,False,921,False,1055,False,681,False,940,False,44,False,789,False,16,False,1,False,1,1055,0.008191887872064069,False,0.01671971159958653,0.015055101498904487,0.014735507720534937,rollover,1,0,1,0,0,0,0,0,0,0,0,0,0,0,0,0,0,0,0,0,0.002615177024057451,S_partial,28
G28C2,2115,2115,0,False,0.28836624377759995,0.28836624377759995,False,0.08836624377759994,False,1336,0.28836624377759995,0.28836624377759995,0.28836624377759995,0.28836624377759995,1830.0,False,1326,False,1636.0,False,981,False,1336,False,669,False,1057,False,429,False,797,False,103,False,1,False,1,1336,0.007125934125416289,False,0.007922813086616895,0.007901998369756918,0.007889682399953515,rollover,7,8,5,2,4,1,3,1,2,0,2,0,2,0,1,0,0,0,0,0,0.0015472169879809496,S_partial,28
G28C3,2114,2114,0,False,0.2868224654465625,0.2868224654465625,False,0.08682246544656247,False,1311,0.2868224654465625,0.2868224654465625,0.2868224654465625,0.2868224654465625,1980.0,False,1304,False,1661.0,False,1051,False,1311,False,829,False,1080,False,96,False,914,False,21,False,1,False,1,1311,0.008254991520527444,False,0.014397536590316475,0.014175215899231573,0.012384379764143347,rollover,8,9,6,7,6,0,4,0,2,0,2,0,1,0,1,0,0,0,0,0,0.0016944318386385184,S_partial,28
G28C4,1638,1636,2,False,0.28729087223376487,0.28729087223376487,False,0.08729087223376486,False,801,0.28729087223376487,0.28729087223376487,0.28729087223376487,0.28729087223376487,971.0,False,793,False,893.0,False,693,False,801,False,632,False,701,False,86,False,654,False,21,False,1,False,1,801,0.011438758238947522,False,0.01920765489846596,0.015414998657305574,0.014750210689274582,rollover,2,0,2,0,1,0,1,0,0,0,0,0,0,0,0,0,0,0,0,0,0.0025923136854437705,S_partial,28
G29C1,3122,3120,2,False,0.28688201991630224,0.2799591791396644,True,0.08688201991630223,False,2132,0.2799591791396644,0.28688201991630224,0.28688201991630224,0.28688201991630224,2188.0,False,2164,False,2174.0,False,1814,False,2132,False,1592,False,1792,False,1285,False,1582,False,1026,False,6,False,6,2132,0.05722748872212685,False,0.019850028585572384,0.019549275154859776,0.019158485166296646,rollover,5,12,3,9,2,3,1,1,0,7,0,5,1,3,1,1,2,0,1,0,0.0030530894039256084,S_partial,29
G29C2,6565,6560,5,False,0.2846925481653868,0.27891568694290425,True,0.0846925481653868,False,3363,0.27891568694290425,0.2846925481653868,0.2846925481653868,0.2846925481653868,3722.0,False,3385,False,3487.0,False,3346,False,3363,False,2816,False,3147,False,1669,False,2588,False,976,False,6,False,6,3363,0.07426243155023515,False,0.024292765260010767,0.024276502398196627,0.027978183812651554,two_term_exponential,1,21,1,8,3,4,1,1,2,3,2,2,4,2,3,1,4,4,4,3,0.0031398395656276196,S_partial,29
G29C3,4251,4250,1,False,0.2849355582105952,0.2798360573957776,True,0.08493555821059517,False,2679,0.2798360573957776,0.2849355582105952,0.2849355582105952,0.2849355582105952,3001.0,False,2697,False,2784.0,False,2530,False,2679,False,2224,False,2443,False,1626,False,2224,False,818,False,6,False,6,2679,0.025234874322305728,False,0.015760595286415616,0.012150442876811883,0.012245804010879059,two_term_exponential,3,2,2,1,3,2,2,0,5,0,5,0,3,0,3,0,2,0,2,0,0.0030661552353088506,S_partial,29
G29C4,3231,3228,3,False,0.2864325464414486,0.28012761861200475,True,0.0864325464414486,False,2170,0.28012761861200475,0.2864325464414486,0.2864325464414486,0.2864325464414486,2757.0,False,2188,False,2394.0,False,2053,False,2170,False,1849,False,2028,False,1646,False,1809,False,1167,False,6,False,6,2170,0.04233772122746576,False,0.01777794136059159,0.014421345830918126,0.014087749306957721,rollover,1,5,1,4,3,4,3,2,2,0,2,0,2,0,2,0,2,0,2,0,0.0024619250833774423,S_partial,29
G30C1,1467,1464,3,False,0.28187507499647896,0.28187507499647896,False,0.08187507499647895,False,618,0.28187507499647896,0.28187507499647896,0.28187507499647896,0.28187507499647896,739.0,False,631,False,717.0,False,588,False,618,False,572,False,587,False,498,False,573,False,367,False,1,False,1,618,0.004717958537432898,False,0.013386590199046786,0.005648986060503824,0.005682675960280817,two_term_exponential,5,0,4,0,3,0,3,0,3,1,1,1,1,0,1,0,1,0,1,0,0.0010206825186322105,S_partial,30
G30C2,1247,1246,1,False,0.2850496432682909,0.2850496432682909,False,0.0850496432682909,False,915,0.2850496432682909,0.2850496432682909,0.2850496432682909,0.2850496432682909,994.0,False,916,False,959.0,False,887,False,915,False,827,False,888,False,661,False,843,False,425,False,1,False,1,915,0.0169287705065988,False,0.015317194505885427,0.00673473549969489,0.006977985684955394,two_term_exponential,8,1,4,0,6,1,3,1,5,1,3,1,4,1,3,1,3,1,1,1,0.000923682654053698,S_partial,30
G30C3,1789,1788,1,False,0.2833834148263814,0.2833834148263814,False,0.0833834148263814,False,1252,0.2833834148263814,0.2833834148263814,0.2833834148263814,0.2833834148263814,1406.0,False,1258,False,1299.0,False,1170,False,1252,False,1074,False,1170,False,860,False,1080,False,553,False,1,False,1,1252,0.0031162087362009983,False,0.010958441806720013,0.0047093737755683545,0.004424649641305783,rollover,7,2,5,2,4,0,3,0,4,0,4,0,6,0,4,0,2,0,0,0,0.0009523632045678358,S_partial,30
G30C4,955,954,1,False,0.2820713600714427,0.2820713600714427,False,0.08207136007144267,False,632,0.2820713600714427,0.2820713600714427,0.2820713600714427,0.2820713600714427,667.0,False,634,False,657.0,False,618,False,632,False,593,False,617,False,504,False,594,False,339,False,1,False,1,632,0.003927186985656306,False,0.013470527767344101,0.005207170635705739,0.0034173939393916447,rollover,4,0,2,0,2,0,1,0,1,0,1,0,1,0,0,0,1,0,0,0,0.0010406045824443739,S_partial,30
G31C1,2412,2409,3,False,0.2833739907940301,0.28189239992767323,False,0.08337399079403007,False,1507,0.28189239992767323,0.2833739907940301,0.2833739907940301,0.2833739907940301,1728.0,False,1521,False,1593.0,False,1435,False,1507,False,1272,False,1424,False,1009,False,1277,False,437,False,6,False,6,1507,0.01387649593593196,False,0.014596593061583998,0.008927582568148748,0.00899996014763116,two_term_exponential,4,3,2,1,4,1,2,1,3,0,3,0,4,0,4,0,4,0,4,0,0.0018892422776238056,S_partial,31
G31C2,2633,2631,2,False,0.28512964903614724,0.28356792580531537,False,0.08512964903614723,False,1130,0.28356792580531537,0.28512964903614724,0.28512964903614724,0.28512964903614724,1198.0,False,1135,False,1163.0,False,956,False,1130,False,937,False,956,False,873,False,940,False,686,False,6,False,6,1130,0.019027875162539537,False,0.0173439438727791,0.015886287843188063,0.01342062519709061,rollover,3,0,3,0,3,0,3,0,1,0,1,0,0,0,0,0,1,0,1,0,0.0017968885908863142,S_partial,31
G31C3,2548,2547,1,False,0.28211929683549375,0.2810316232122328,False,0.08211929683549374,False,1174,0.2810316232122328,0.28211929683549375,0.28211929683549375,0.28211929683549375,1335.0,False,1180,False,1208.0,False,1107,False,1174,False,1046,False,1097,False,902,False,1045,False,589,False,6,False,6,1174,0.007837553914953943,False,0.0164252134009223,0.008858834776843287,0.006577768226221023,rollover,4,0,3,0,6,0,3,0,5,0,3,0,2,0,2,0,1,0,1,0,0.001395597583796393,S_partial,31
G31C4,3007,3007,0,False,0.28396278248523144,0.2825698654964073,False,0.08396278248523142,False,1035,0.2825698654964073,0.28396278248523144,0.28396278248523144,0.28396278248523144,1148.0,False,1040,False,1091.0,False,1005,False,1035,False,894,False,1004,False,867,False,894,False,637,False,6,False,6,1035,0.037942671047469345,False,0.01715910840259408,0.010668761916036546,0.0105649974235452,rollover,2,2,1,2,4,0,4,0,6,0,6,0,1,0,1,0,2,0,2,0,0.001325718189913973,S_partial,31
G35C1,1163,1163,0,False,0.2881482801391834,0.2881482801391834,False,0.08814828013918341,False,733,0.2881482801391834,0.2881482801391834,0.2881482801391834,0.2881482801391834,914.0,False,714,False,825.0,False,603,False,733,False,493,False,656,False,417,False,531,False,183,False,1,False,1,733,0.00506654525658537,False,0.010659569409007977,0.010784571422277211,0.00795273024910774,rollover,0,2,0,1,0,0,0,0,0,0,0,0,1,0,1,0,1,0,1,0,0.0018521783826902347,S_full,35
G35C2,440,440,0,False,0.280698740949512,0.280698740949512,False,0.08069874094951202,False,369,0.280698740949512,0.280698740949512,0.280698740949512,0.280698740949512,423.0,False,379,False,396.0,False,344,False,369,False,308,False,336,False,256,False,303,False,122,False,1,False,1,369,0.0010300646506262168,True,0.012582276716463192,0.008943414589911651,0.008310745674395303,rollover,0,2,0,2,0,0,0,0,0,0,0,0,1,0,1,0,1,0,1,0,0.0014923324844510258,S_full,35
G35C3,775,775,0,False,0.2842833916684314,0.2842833916684314,False,0.0842833916684314,False,529,0.2842833916684314,0.2842833916684314,0.2842833916684314,0.2842833916684314,581.0,False,530,False,553.0,False,487,False,529,False,439,False,489,False,376,False,448,False,81,False,1,False,1,529,0.0034696843557415202,False,0.013601841104805912,0.011133919947649859,0.009866147472765067,rollover,0,3,0,2,0,1,0,0,0,0,0,0,0,0,0,0,0,0,0,0,0.001591435940810585,S_full,35
G35C4,668,668,0,False,0.2876604456928561,0.2876604456928561,False,0.08766044569285608,False,480,0.2876604456928561,0.2876604456928561,0.2876604456928561,0.2876604456928561,539.0,False,475,False,510.0,False,439,False,480,False,389,False,450,False,319,False,406,False,38,False,1,False,1,480,0.002232808289554744,True,0.013221500232979987,0.012135586668856009,0.011184618996181188,rollover,0,0,0,0,0,0,0,0,1,0,1,0,1,0,1,0,1,0,1,0,0.002267451835468371,S_full,35
G36C2,988,988,0,False,0.28253334761231774,0.28253334761231774,False,0.08253334761231773,False,644,0.28253334761231774,0.28253334761231774,0.28253334761231774,0.28253334761231774,712.0,False,650,False,680.0,False,608,False,644,False,564,False,607,False,443,False,566,False,65,False,1,False,1,644,0.0025640333780393154,True,0.01565096236627762,0.010635041651159423,0.010446429471940924,rollover,0,7,0,3,0,2,0,1,0,0,0,0,0,0,0,0,0,0,0,0,0.0015705581829293838,S_full,36
G36C3,1072,1072,0,False,0.286534414094491,0.286534414094491,False,0.08653441409449097,False,628,0.286534414094491,0.286534414094491,0.286534414094491,0.286534414094491,775.0,False,627,False,686.0,False,517,False,628,False,454,False,540,False,359,False,472,False,19,False,1,False,1,628,0.003041334335682433,False,0.01476182423335113,0.014735259259435474,0.011997338505539787,rollover,0,0,0,0,0,0,0,0,0,0,0,0,0,0,0,0,0,0,0,0,0.0021527964668187315,S_full,36
G36C4,435,435,0,False,0.2885714459696985,0.2885714459696985,False,0.08857144596969851,False,305,0.2885714459696985,0.2885714459696985,0.2885714459696985,0.2885714459696985,368.0,False,303,False,339.0,False,266,False,305,False,177,False,282,False,21,False,225,False,10,False,1,False,1,305,0.0014601863421037364,True,0.017370885725839853,0.01916881667883745,0.011281583657008312,rollover,0,1,0,1,0,1,0,1,0,1,0,1,0,1,0,1,0,1,0,1,0.0033797629119289717,S_full,36
G37C2,800,800,0,False,0.28641448734369335,0.2849385699877161,False,0.08641448734369334,False,689,0.2849385699877161,0.28641448734369335,0.28641448734369335,0.28641448734369335,710.0,False,690,False,699.0,False,674,False,689,False,629,False,676,False,521,False,645,False,363,False,10,False,10,689,0.0034389137928450553,False,0.010673935340951096,0.004726570882067658,0.004463560651515737,rollover,2,2,2,1,1,0,1,0,1,0,1,0,0,0,0,0,0,0,0,0,0.0012363419071861259,S_full,37
G37C3,742,742,0,False,0.28446964612745806,0.28446964612745806,False,0.08446964612745805,False,598,0.28446964612745806,0.28446964612745806,0.28446964612745806,0.28446964612745806,622.0,False,599,False,609.0,False,584,False,598,False,569,False,585,False,483,False,572,False,332,False,1,False,1,598,0.001827014230556312,True,0.012799743137819303,0.005845783091565404,0.004078714111958733,rollover,2,1,1,1,1,1,1,1,1,0,1,0,0,0,0,0,0,0,0,0,0.0011357450699159728,S_full,37
G37C4,601,601,0,False,0.2859152398701462,0.2840188014265899,False,0.08591523987014621,False,512,0.2840188014265899,0.2850642427960356,0.2859152398701462,0.28594691263989463,530.0,False,513,False,523.0,False,501,False,512,False,462,False,501,False,430,False,486,False,371,False,20,False,20,512,0.0031707158954508985,False,0.011480051860990468,0.00577766274835187,0.005598085782008128,rollover,1,5,0,3,0,3,0,2,1,1,0,1,0,1,0,1,2,1,1,1,0.0010868909853176735,S_full,37
G38C1,783,783,0,False,0.28302565111596056,0.28302565111596056,False,0.08302565111596055,False,461,0.28302565111596056,0.28302565111596056,0.28302565111596056,0.28302565111596056,535.0,False,468,False,495.0,False,417,False,461,False,345,False,416,False,134,False,365,False,17,False,1,False,1,461,0.0015161573078019408,True,0.016949507152280097,0.013386841867122105,0.013246601563958512,rollover,0,5,0,4,0,0,0,0,0,0,0,0,0,0,0,0,0,0,0,0,0.0018202251301572378,S_full,38
G38C2,575,575,0,False,0.2863334979303206,0.2863334979303206,False,0.08633349793032058,False,418,0.2863334979303206,0.2863334979303206,0.2863334979303206,0.2863334979303206,470.0,False,416,False,442.0,False,379,False,418,False,329,False,382,False,279,False,351,False,208,False,1,False,1,418,0.001924939422824179,True,0.008728541961145139,0.007248226236997074,0.006541931254861294,rollover,0,5,0,2,1,0,1,0,1,0,1,0,1,0,1,0,1,0,1,0,0.0013050440987517483,S_full,38
G38C3,861,861,0,False,0.2850493177162513,0.2850493177162513,False,0.0850493177162513,False,620,0.2850493177162513,0.2850493177162513,0.2850493177162513,0.2850493177162513,647.0,False,621,False,639.0,False,602,False,620,False,571,False,604,False,498,False,584,False,355,False,1,False,1,620,0.001701458067439432,True,0.012924437283369991,0.004328825248542985,0.004050388790372797,rollover,3,4,2,3,2,2,1,0,1,0,0,0,0,0,0,0,0,0,0,0,0.0010949017031951643,S_full,38
G38C4,1154,1154,0,False,0.28515664239794264,0.28515664239794264,False,0.08515664239794263,False,652,0.28515664239794264,0.28515664239794264,0.28515664239794264,0.28515664239794264,799.0,False,653,False,721.0,False,573,False,652,False,492,False,583,False,417,False,511,False,128,False,1,False,1,652,0.0020981394895254746,True,0.011242815328773434,0.010423885667349782,0.008521191323165027,rollover,0,8,0,7,0,2,0,1,0,0,0,0,0,0,0,0,0,0,0,0,0.001259211943537516,S_full,38
G39C1,746,746,0,False,0.2847904718414847,0.2847904718414847,False,0.0847904718414847,False,564,0.2847904718414847,0.2847904718414847,0.2847904718414847,0.2847904718414847,635.0,False,566,False,602.0,False,507,False,564,False,459,False,511,False,404,False,471,False,327,False,1,False,1,564,0.0014920218169424126,True,0.009925363234955286,0.008475805443412341,0.005183345841046027,rollover,2,4,0,1,0,0,0,0,0,0,0,0,1,0,1,0,1,0,1,0,0.0010914529196817395,S_full,39
G39C2,730,730,0,False,0.2846311229762718,0.2846311229762718,False,0.08463112297627179,False,550,0.2846311229762718,0.2846311229762718,0.2846311229762718,0.2846311229762718,609.0,False,552,False,588.0,False,515,False,550,False,477,False,520,False,426,False,482,False,339,False,1,False,1,550,0.002842655228165958,True,0.01009516201116931,0.005859362066662082,0.004244427404907805,rollover,3,1,3,0,3,0,3,0,2,0,1,0,1,0,1,0,1,0,1,0,0.0010370627134594396,S_full,39
G39C3,742,742,0,False,0.28818028079961266,0.28818028079961266,False,0.08818028079961265,False,502,0.28818028079961266,0.28818028079961266,0.28818028079961266,0.28818028079961266,547.0,False,499,False,529.0,False,478,False,502,False,456,False,484,False,403,False,467,False,255,False,1,False,1,502,0.0015957694760966867,True,0.015306272334849873,0.005711572545624045,0.005103212734601873,rollover,2,0,0,0,0,0,0,0,1,0,1,0,1,0,1,0,1,0,1,0,0.0012273235774005833,S_full,39
G39C4,929,929,0,False,0.28359308319542975,0.28359308319542975,False,0.08359308319542974,False,585,0.28359308319542975,0.28359308319542975,0.28359308319542975,0.28359308319542975,694.0,False,594,False,643.0,False,544,False,585,False,469,False,545,False,369,False,483,False,191,False,1,False,1,585,0.0026880203896740285,True,0.011374510462488776,0.0065246495027956935,0.006519751431441704,rollover,0,0,0,0,0,0,0,0,0,0,0,0,0,0,0,0,1,0,1,0,0.0014891424952355136,S_full,39
G3C1,2023,2023,0,False,0.28283798093117996,0.2815829482818982,False,0.08283798093117994,False,1567,0.2815829482818982,0.28230471860413753,0.28283798093117996,0.28283798093117996,1946.0,False,1794,False,1846.0,False,1524,False,1567,False,1520,False,1524,False,963,False,1520,False,614,False,13,False,13,1567,0.009169888222737593,False,0.014844808753768257,0.011999376980668023,0.011500484461329962,rollover,7,6,4,4,1,6,0,5,0,4,0,3,0,1,0,0,0,0,0,0,0.002972303568080181,S_partial,3
G3C2,1173,1173,0,False,0.2798289583371036,0.2790564017355335,False,0.07982895833710357,False,917,0.2790564017355335,0.2798289583371036,0.2798289583371036,0.2798289583371036,971.0,False,964,False,967.0,False,900,False,917,False,823,False,876,False,552,False,819,False,345,False,4,False,4,917,0.006563232027062882,False,0.011315480206535755,0.008295139520640175,0.008841232277408866,two_term_exponential,1,5,0,1,0,0,0,0,0,0,0,0,0,0,0,0,0,0,0,0,0.002409232645402196,S_partial,3
G3C3,1797,1797,0,False,0.2856303899779568,0.2856303899779568,False,0.0856303899779568,False,1423,0.2856303899779568,0.2856303899779568,0.2856303899779568,0.2856303899779568,1530.0,False,1423,False,1528.0,False,1313,False,1423,False,970,False,1322,False,766,False,993,False,520,False,1,False,1,1423,0.009787794918241333,False,0.010826689205647815,0.008955344222977899,0.009265283091717478,two_term_exponential,3,2,1,2,5,4,3,4,1,6,1,4,4,2,2,2,1,1,0,1,0.002035930291613674,S_partial,3
G3C4,1182,1182,0,False,0.28465976212189453,0.28465976212189453,False,0.08465976212189452,False,927,0.28465976212189453,0.28465976212189453,0.28465976212189453,0.28465976212189453,975.0,False,931,False,970.0,False,888,False,927,False,780,False,899,False,540,False,818,False,409,False,1,False,1,927,0.004428081216623664,False,0.009203209539824451,0.007221326847179137,0.006830516326115997,rollover,6,7,4,6,1,3,1,3,1,1,0,0,0,0,0,0,0,0,0,0,0.0017711475900609205,S_partial,3
G41C1,11233,11053,180,False,0.28296962042264867,0.28179757301423736,False,0.08296962042264866,False,2515,0.28179757301423736,0.28296962042264867,0.28296962042264867,0.28296962042264867,3432.0,False,2589,False,2966.0,False,2050,False,2515,False,1512,False,2009,False,1004,False,1541,False,476,False,4,False,4,2515,0.005494684108548309,False,0.00618479002190834,0.006191343366975379,0.006187542578069854,power_law,11,5,9,2,12,13,10,11,12,4,11,1,9,0,6,0,7,0,4,0,0.000985542516373154,S_partial,41
G41C2,6649,6643,6,False,0.2813952946422478,0.2787219925812091,True,0.08139529464224776,False,2041,0.2787219925812091,0.2813952946422478,0.2813952946422478,0.2813952946422478,2695.0,False,2207,False,2368.0,False,1781,False,2041,False,1310,False,1646,False,921,False,1239,False,187,False,5,False,5,2041,0.009683003422265662,False,0.009930413432701185,0.009877276081640608,0.009219039435838381,rollover,6,13,4,8,8,11,5,5,7,0,6,0,7,0,6,0,6,0,5,0,0.00127206449940441,S_partial,41
G41C3,8931,8924,7,False,0.28391488282326593,0.2838079185681348,False,0.08391488282326592,False,2150,0.2838079185681348,0.28391488282326593,0.28391488282326593,0.28391488282326593,2950.0,False,2208,False,2542.0,False,1748,False,2150,False,1293,False,1790,False,940,False,1415,False,185,False,2,False,2,2150,0.010838485424738142,False,0.009567530901765167,0.009588371828353062,0.008746035396737534,rollover,5,5,5,2,6,0,4,0,3,0,2,0,2,0,1,0,1,0,1,0,0.0016891793217882136,S_partial,41
G41C4,10233,10225,8,False,0.2833051123295591,0.2829479043313739,False,0.08330511232955906,False,1998,0.2829479043313739,0.2833051123295591,0.2833051123295591,0.2833051123295591,3090.0,False,2063,False,2587.0,False,1558,False,1998,False,1307,False,1545,False,952,False,1313,False,282,False,3,False,3,1998,0.013630821468301607,False,0.010858675916482327,0.010913395052366586,0.009722296759588411,rollover,10,4,8,3,5,9,4,8,4,1,3,0,4,0,3,0,2,0,1,0,0.0016140181996108737,S_partial,41
G45C1,4371,4368,3,False,0.2819715717795984,0.2819715717795984,False,0.0819715717795984,False,875,0.2819715717795984,0.2819715717795984,0.2819715717795984,0.2819715717795984,1132.0,False,884,False,935.0,False,800,False,875,False,781,False,799,False,596,False,782,False,362,False,1,False,1,875,0.0061846261875777575,False,0.016959814073626803,0.009895148784133185,0.007866829855617466,rollover,5,1,4,0,5,0,4,0,5,0,5,0,7,0,5,0,5,0,5,0,0.0011370195468134395,S_partial,45
G45C2,5311,5310,1,False,0.2851130285307548,0.2851130285307548,False,0.08511302853075481,False,686,0.2851130285307548,0.2851130285307548,0.2851130285307548,0.2851130285307548,714.0,False,686,False,696.0,False,675,False,686,False,641,False,676,False,608,False,645,False,328,False,1,False,1,686,0.02758084317052381,False,0.01827081647545748,0.013106437951082898,0.010967174164197019,rollover,3,0,3,0,4,0,4,0,3,0,3,0,2,0,2,0,2,1,1,1,0.002002654667938481,S_partial,45
G45C3,5472,5471,1,False,0.28364884437937316,0.28364884437937316,False,0.08364884437937314,False,709,0.28364884437937316,0.28364884437937316,0.28364884437937316,0.28364884437937316,1334.0,False,713,False,913.0,False,681,False,709,False,666,False,682,False,634,False,667,False,620,False,1,False,1,709,0.0318051249141858,False,0.02798878579906234,0.01760348697552864,0.013705754504231886,rollover,1,1,1,1,1,0,1,0,1,1,1,1,1,1,1,1,1,1,1,1,0.0025892538399915157,S_partial,45
G45C4,4432,4429,3,False,0.2844701320128041,0.2844701320128041,False,0.08447013201280407,False,987,0.2844701320128041,0.2844701320128041,0.2844701320128041,0.2844701320128041,1126.0,False,989,False,1048.0,False,904,False,987,False,794,False,905,False,676,False,800,False,408,False,1,False,1,987,0.0047904348529849705,False,0.014935687524824487,0.00970526917846052,0.007921393922383663,rollover,10,3,8,2,6,6,5,2,3,5,3,2,2,2,1,1,1,1,0,1,0.0017462098577827217,S_partial,45
G46C1,5947,5943,4,False,0.284780549393778,0.28473253591767717,False,0.08478054939377799,False,1156,0.28473253591767717,0.284780549393778,0.284780549393778,0.284780549393778,1353.0,False,1158,False,1341.0,False,1077,False,1156,False,916,False,1099,False,779,False,1027,False,535,False,2,False,2,1156,0.013684288485924567,False,0.013832661857882086,0.010050984089185828,0.01007898383096114,two_term_exponential,5,3,4,2,5,3,5,3,4,1,2,1,2,0,0,0,0,0,0,0,0.002471215668855979,S_partial,46
G46C2,5156,5155,1,False,0.28227798585596586,0.28227798585596586,False,0.08227798585596585,False,1196,0.28227798585596586,0.28227798585596586,0.28227798585596586,0.28227798585596586,1594.0,False,1206,False,1423.0,False,1065,False,1196,False,933,False,991,False,832,False,935,False,513,False,1,False,1,1196,0.01907133871986033,False,0.015909326027260137,0.013907343323512483,0.011716330390879257,rollover,3,2,3,2,2,3,2,1,2,1,1,0,1,2,1,1,2,2,2,1,0.00227261773316905,S_partial,46
G46C3,4861,4857,4,False,0.2824215550962989,0.2824215550962989,False,0.08242155509629889,False,681,0.2824215550962989,0.2824215550962989,0.2824215550962989,0.2824215550962989,1153.0,False,685,False,714.0,False,664,False,681,False,644,False,663,False,608,False,645,False,429,False,1,False,1,681,0.015278135462658382,False,0.019733839001598457,0.010335395209599745,0.007328762971786223,rollover,7,3,4,2,5,2,4,1,4,1,2,0,2,0,2,0,2,0,2,0,0.0013188111033775997,S_partial,46
G46C4,6221,6218,3,False,0.28486422366255376,0.28486422366255376,False,0.08486422366255375,False,1108,0.28486422366255376,0.28486422366255376,0.28486422366255376,0.28486422366255376,1242.0,False,1112,False,1200.0,False,915,False,1108,False,802,False,916,False,751,False,807,False,434,False,1,False,1,1108,0.01162235693685737,False,0.015835826992990645,0.014393347008916662,0.01183037677906258,rollover,4,1,2,1,2,1,2,1,2,1,2,1,1,1,1,1,1,1,1,0,0.002912746148543493,S_partial,46
G48C1,3948,3661,287,False,0.28327382372763094,0.2807890875969301,False,0.08327382372763092,False,1830,0.2807890875969301,0.28327382372763094,0.28327382372763094,0.28327382372763094,1940.0,False,1906,False,1938.0,False,1452,False,1830,False,1247,False,1441,False,1053,False,1245,False,475,False,6,False,6,1830,0.02004770667707309,False,0.017269302476794687,0.01675860633395554,0.014917115171024753,rollover,6,5,1,4,3,10,2,7,2,1,2,1,6,0,6,0,5,0,5,0,0.0029155327261497594,S_partial,48
G48C2,5724,5719,5,False,0.28349180923762846,0.27941330378007156,True,0.08349180923762844,False,1526,0.27941330378007156,0.28349180923762846,0.28349180923762846,0.28349180923762846,1806.0,False,1576,False,1737.0,False,1421,False,1526,False,1324,False,1401,False,1117,False,1169,False,741,False,6,False,6,1526,0.05345457564587891,False,0.023112476749445075,0.02058027213451596,0.020261275947100615,rollover,4,11,3,2,2,1,2,1,1,1,1,1,1,1,1,0,2,1,1,1,0.0032624648518480544,S_partial,48
G48C3,4994,4690,304,False,0.2836325692922333,0.2799617438016628,True,0.08363256929223328,False,2106,0.2799617438016628,0.2836325692922333,0.2836325692922333,0.2836325692922333,2350.0,False,2142,False,2341.0,False,1932,False,2106,False,1658,False,1871,False,1282,False,1646,False,805,False,6,False,6,2106,0.02884519535880159,False,0.014490188049116849,0.013102772772589534,0.013060103891975757,rollover,2,0,1,0,2,0,2,0,3,0,3,0,4,0,4,0,7,0,7,0,0.0021371163192531527,S_partial,48
G48C4,5622,5620,2,False,0.2786824027458687,0.27682292815540765,False,0.07868240274586868,False,1379,0.27682292815540765,0.2786824027458687,0.2786824027458687,0.2786824027458687,1819.0,False,1480,False,1492.0,False,1289,False,1379,False,1107,False,1268,False,828,False,1067,False,366,False,5,False,5,1379,0.03931155075000983,False,0.021008726939299102,0.017842015224137135,0.01733383565114702,rollover,1,5,0,5,0,0,0,0,2,0,1,0,1,0,1,0,1,0,1,0,0.0028621387987799564,S_partial,48
G51C1,4984,4982,2,False,0.2836633036201023,0.2807864001367859,True,0.08366330362010227,False,1858,0.2807864001367859,0.2836633036201023,0.2836633036201023,0.2836633036201023,2411.0,False,1952,False,2099.0,False,1723,False,1858,False,1343,False,1671,False,1078,False,1342,False,175,False,6,False,6,1858,0.02982699554651011,False,0.019173243479047194,0.01827622688757778,0.017095424955243597,rollover,4,2,2,2,4,3,2,2,4,3,2,2,2,5,1,2,3,0,2,0,0.002512812173688119,S_partial,51
G51C2,5520,5517,3,False,0.2832915690528407,0.28169046272396936,False,0.08329156905284069,False,2199,0.28169046272396936,0.2832915690528407,0.2832915690528407,0.2832915690528407,2563.0,False,2199,False,2561.0,False,2041,False,2199,False,1825,False,2033,False,1468,False,1826,False,880,False,5,False,5,2199,0.05329997619283447,False,0.02429674811191432,0.01987073439179222,0.019574576178406813,rollover,5,1,5,0,5,1,3,1,2,1,2,1,2,0,2,0,2,0,2,0,0.0036908168457856824,S_partial,51
G51C3,5397,5154,243,False,0.28521570392572737,0.27998276734020966,True,0.08521570392572736,False,1758,0.27998276734020966,0.28521570392572737,0.28521570392572737,0.28521570392572737,1820.0,False,1759,False,1766.0,False,1596,False,1758,False,1459,False,1579,False,1246,False,1456,False,840,False,6,False,6,1758,0.03368250835724895,False,0.018915716011305046,0.01586536130376945,0.014581074006835556,rollover,6,13,5,6,6,0,4,0,1,0,1,0,3,0,2,0,1,0,1,0,0.0024733352596801143,S_partial,51
G51C4,5416,5416,0,False,0.2827982470999676,0.27759800665112716,True,0.08279824709996758,False,1925,0.27759800665112716,0.2827982470999676,0.2827982470999676,0.2827982470999676,2507.0,False,2102,False,2226.0,False,1885,False,1925,False,1676,False,1841,False,1462,False,1671,False,1042,False,6,False,6,1925,0.048607491810563286,False,0.02326406259349583,0.017629895830093098,0.01710340798387036,rollover,3,5,2,2,3,3,3,0,6,3,4,1,4,0,3,0,3,3,3,1,0.00227857679127253,S_partial,51
G52C1,2552,2552,0,False,0.284017301571749,0.284017301571749,False,0.08401730157174897,False,1360,0.284017301571749,0.284017301571749,0.284017301571749,0.284017301571749,1929.0,False,1398,False,1634.0,False,1158,False,1360,False,937,False,1183,False,743,False,994,False,508,False,1,False,1,1360,0.009534200493347272,False,0.006162055723465371,0.0061953358709566815,0.005634016221763426,rollover,8,1,3,1,5,0,3,0,5,0,5,0,5,0,5,0,6,0,3,0,0.0013053392082426473,S_partial,52
G52C2,1915,1914,1,False,0.2841918634343847,0.2841918634343847,False,0.08419186343438467,False,1005,0.2841918634343847,0.2841918634343847,0.2841918634343847,0.2841918634343847,1223.0,False,1057,False,1116.0,False,893,False,1005,False,762,False,895,False,592,False,778,False,424,False,1,False,1,1005,0.008094631175773997,False,0.006046321013124672,0.005621661489213663,0.00557092966982174,rollover,10,3,6,2,5,0,3,0,3,0,3,0,2,0,2,0,2,0,1,0,0.0014271544208808767,S_partial,52
G52C3,2148,2145,3,False,0.28560540375206905,0.28560540375206905,False,0.08560540375206904,False,1162,0.28560540375206905,0.28560540375206905,0.28560540375206905,0.28560540375206905,1385.0,False,1162,False,1280.0,False,1048,False,1162,False,927,False,1057,False,755,False,944,False,371,False,1,False,1,1162,0.014044494141393249,False,0.011714266600885209,0.007582988274421377,0.007058229789998665,rollover,7,1,4,0,4,6,2,5,2,3,2,1,3,0,3,0,3,0,2,0,0.0013816419390310399,S_partial,52
G52C4,2291,2291,0,False,0.28432775100307267,0.28432775100307267,False,0.08432775100307266,False,1415,0.28432775100307267,0.28432775100307267,0.28432775100307267,0.28432775100307267,1738.0,False,1419,False,1580.0,False,1251,False,1415,False,1037,False,1269,False,870,False,1064,False,367,False,1,False,1,1415,0.009980567260810341,False,0.01089058399219134,0.009306003837690903,0.007854947168713837,rollover,8,1,6,0,5,0,4,0,3,0,2,0,2,0,2,0,2,0,1,0,0.0017389590585495302,S_partial,52
G53C1,472,472,0,False,0.2925933788993119,0.2925933788993119,False,0.0925933788993119,False,265,0.2925933788993119,0.2925933788993119,0.2925933788993119,0.2925933788993119,309.0,False,261,False,294.0,False,200,False,265,False,108,False,235,False,24,False,175,False,11,False,1,False,1,265,0.0009036789087124297,True,0.01382103545878313,0.01556805953023804,0.006807121995258563,rollover,0,1,0,1,0,0,0,0,0,0,0,0,0,0,0,0,0,0,0,0,0.002184683835767245,S_partial,53
G53C2,527,527,0,False,0.2929607776993991,0.2929607776993991,False,0.09296077769939909,False,316,0.2929607776993991,0.2929607776993991,0.2929607776993991,0.2929607776993991,350.0,False,301,False,332.0,False,247,False,316,False,85,False,276,False,20,False,194,False,9,False,1,False,1,316,0.0009389878757972703,True,0.014813895706028217,0.01640299178452519,0.00820894545058487,rollover,0,0,0,0,0,0,0,0,0,1,0,1,0,0,0,0,0,0,0,0,0.0022247511610376264,S_partial,53
G53C3,593,593,0,False,0.295616240806831,0.295616240806831,False,0.09561624080683101,False,300,0.295616240806831,0.295616240806831,0.295616240806831,0.295616240806831,329.0,False,279,False,320.0,False,230,False,300,False,109,False,255,False,22,False,210,False,10,False,1,False,1,300,0.0006528175170939232,True,0.017426453392064865,0.018330430845115975,0.010152694485606125,rollover,0,1,0,0,0,0,0,0,0,0,0,0,0,0,0,0,0,0,0,0,0.003694472375313152,S_partial,53
G53C4,1490,1490,0,False,0.28677739365780197,0.28677739365780197,False,0.08677739365780196,False,722,0.28677739365780197,0.28677739365780197,0.28677739365780197,0.28677739365780197,894.0,False,720,False,791.0,False,650,False,722,False,570,False,667,False,485,False,590,False,58,False,1,False,1,722,0.003732015278272105,False,0.011801361606731274,0.01069011187008631,0.008855083402670825,rollover,1,5,1,2,0,0,0,0,0,0,0,0,0,0,0,0,0,0,0,0,0.0013443102610926642,S_partial,53
G55C1,9808,9806,2,False,0.28358947698838144,0.28044901053099625,True,0.08358947698838143,False,1553,0.28044901053099625,0.28358947698838144,0.28358947698838144,0.28358947698838144,2329.0,False,1555,False,1630.0,False,1415,False,1553,False,1362,False,1386,False,1155,False,1361,False,805,False,6,False,6,1553,0.02838949853875225,False,0.018435995067244138,0.015619916878739785,0.014199482307400329,rollover,2,1,0,0,2,2,2,0,4,1,4,0,6,0,4,0,1,8,1,4,0.002185639670100551,S_partial,55
G55C2,8645,8644,1,False,0.2810531649455282,0.27815833628672343,True,0.08105316494552817,False,1768,0.27815833628672343,0.2810531649455282,0.2810531649455282,0.2810531649455282,2436.0,False,1837,False,2205.0,False,1460,False,1768,False,1403,False,1449,False,1263,False,1397,False,822,False,6,False,6,1768,0.019055880401541575,False,0.01801279293594468,0.016777153715341823,0.014941464180398803,rollover,3,4,2,2,7,0,4,0,6,0,4,0,3,2,1,1,1,1,0,1,0.0031605304142947243,S_partial,55
G55C3,7928,7923,5,False,0.2793369115249725,0.2793369115249725,False,0.07933691152497246,False,1585,0.2793369115249725,0.2793369115249725,0.2793369115249725,0.2793369115249725,1683.0,False,1591,False,1610.0,False,1578,False,1585,False,1239,False,1562,False,857,False,1230,False,401,False,1,False,1,1585,0.01720346325515279,False,0.010124370414641516,0.009627442831459283,0.009263933125265519,rollover,5,12,3,6,5,3,2,1,3,1,2,1,3,1,3,1,2,1,2,1,0.0016996955264033668,S_partial,55
G55C4,9675,9671,4,False,0.2841424826620042,0.2806189643249693,True,0.08414248266200419,False,1660,0.2806189643249693,0.2841424826620042,0.2841424826620042,0.2841424826620042,3127.0,False,1678,False,1734.0,False,1235,False,1660,False,1195,False,1227,False,1038,False,1194,False,689,False,6,False,6,1660,0.027973167999888138,False,0.01844769341128191,0.01837317959807449,0.01743046780925772,rollover,3,3,3,1,3,0,2,0,3,2,1,1,4,1,2,1,3,0,2,0,0.0026414918196217317,S_partial,55
G56C1,4871,4868,3,False,0.2832320434817122,0.28061549559540533,True,0.0832320434817122,False,2658,0.28061549559540533,0.2832320434817122,0.2832320434817122,0.2832320434817122,3428.0,False,2781,False,3067.0,False,2302,False,2658,False,1828,False,2262,False,1398,False,1826,False,773,False,6,False,6,2658,0.010111808726735921,False,0.008415381329532514,0.008185415550897971,0.007804320945952767,rollover,16,13,12,7,15,5,13,1,19,0,17,0,14,0,13,0,11,0,10,0,0.0013884446647397448,S_partial,56
G56C2,4933,4928,5,False,0.28248877205580053,0.2799042987040846,True,0.08248877205580052,False,2537,0.2799042987040846,0.28248877205580053,0.28248877205580053,0.28248877205580053,3241.0,False,2665,False,2897.0,False,2246,False,2537,False,1779,False,2174,False,1327,False,1773,False,809,False,6,False,6,2537,0.010819027569717365,False,0.007862559413504704,0.0076716532206412905,0.007601563623510406,rollover,11,18,7,9,12,6,9,3,12,0,8,0,14,0,9,0,9,0,8,0,0.001189166348854352,S_partial,56
G56C3,3712,3710,2,False,0.28265598930412106,0.2809674078891219,False,0.08265598930412105,False,1990,0.2809674078891219,0.28265598930412106,0.28265598930412106,0.28265598930412106,2414.0,False,2042,False,2222.0,False,1818,False,1990,False,1531,False,1796,False,1218,False,1530,False,790,False,6,False,6,1990,0.013549593103638152,False,0.010824708240321081,0.009358256603809149,0.008893354243488921,rollover,6,7,4,1,13,0,6,0,12,0,8,0,11,0,8,0,6,0,4,0,0.0016820115521539545,S_partial,56
G56C4,4699,4693,6,False,0.28377797650376385,0.28039646407486946,True,0.08377797650376384,False,2193,0.28039646407486946,0.28377797650376385,0.28377797650376385,0.28377797650376385,2915.0,False,2289,False,2562.0,False,1877,False,2193,False,1494,False,1836,False,1025,False,1477,False,248,False,6,False,6,2193,0.01061516058141046,False,0.00996594878040508,0.0095289191061917,0.009386347765040609,rollover,12,3,9,1,11,8,9,5,10,4,8,3,13,4,7,2,7,0,5,0,0.0013820374696127816,S_partial,56
G5C1,741,741,0,False,0.28199095927064166,0.28199095927064166,False,0.08199095927064165,False,548,0.28199095927064166,0.28199095927064166,0.28199095927064166,0.28199095927064166,560.0,False,551,False,555.0,False,536,False,548,False,516,False,534,False,467,False,517,False,364,False,1,False,1,548,0.002045511527084709,True,0.013598038286157764,0.004450588655571987,0.003974702994699211,rollover,2,2,1,1,1,1,1,0,2,0,2,0,1,0,1,0,1,0,1,0,0.0010503010539103914,S_full,5
G5C2,1688,1687,1,False,0.2845946764446039,0.2845387223378558,False,0.08459467644460389,False,578,0.2845387223378558,0.2845807739626031,0.2845946764446039,0.2845946764446039,588.0,False,579,False,584.0,False,568,False,578,False,541,False,569,False,469,False,550,False,332,False,19,False,19,578,0.0027036171048856195,True,0.01149843630085251,0.0046466533151958535,0.00439321774281093,rollover,4,2,3,1,3,2,2,1,2,1,1,1,1,1,1,1,1,1,1,0,0.0010616004427862445,S_full,5
G5C3,792,792,0,False,0.2830733288628509,0.28275071706565297,False,0.0830733288628509,False,724,0.28275071706565297,0.28275071706565297,0.2830733288628509,0.2830733288628509,745.0,False,725,False,734.0,False,699,False,724,False,632,False,696,False,479,False,643,False,320,False,20,False,20,724,0.002562483767790058,True,0.007977373690289792,0.00409756557777748,0.003912095713842163,rollover,8,1,1,0,2,1,0,0,0,1,0,0,0,1,0,0,0,1,0,0,0.001160961686234551,S_full,5
G5C4,565,565,0,False,0.28716238588951953,0.2860085634562354,False,0.08716238588951952,False,346,0.2860085634562354,0.28716238588951953,0.28716238588951953,0.2872837242205936,359.0,False,346,False,352.0,False,340,False,346,False,332,False,341,False,320,False,334,False,275,False,7,False,7,346,0.0018690281770163963,True,0.01641615829395332,0.01048092746927102,0.0043303550499219955,rollover,0,1,0,0,0,0,0,0,0,0,0,0,0,0,0,0,0,0,0,0,0.0012383236169938743,S_full,5
G60C1,3759,3757,2,False,0.28431752960566015,0.28431752960566015,False,0.08431752960566014,False,909,0.28431752960566015,0.28431752960566015,0.28431752960566015,0.28431752960566015,1127.0,False,914,False,1009.0,False,851,False,909,False,707,False,854,False,608,False,716,False,390,False,1,False,1,909,0.014364224724598945,False,0.00985904194368387,0.006382721786357153,0.005996106663376603,rollover,5,2,4,2,5,1,4,0,4,2,3,1,2,2,1,1,2,1,1,0,0.001253167277153595,S_partial,60
G60C2,2485,2479,6,False,0.28529193774454437,0.28529193774454437,False,0.08529193774454435,False,828,0.28529193774454437,0.28529193774454437,0.28529193774454437,0.28529193774454437,994.0,False,828,False,950.0,False,734,False,828,False,668,False,738,False,498,False,677,False,265,False,1,False,1,828,0.010001566465931033,False,0.011322593500232942,0.010619828394539522,0.01024914610839012,rollover,7,2,6,2,4,0,3,0,1,0,1,0,0,0,0,0,0,0,0,0,0.0028501947812187805,S_partial,60
G60C3,3049,3045,4,False,0.2810458237306087,0.2810458237306087,False,0.0810458237306087,False,547,0.2810458237306087,0.2810458237306087,0.2810458237306087,0.2810458237306087,595.0,False,551,False,565.0,False,536,False,547,False,524,False,535,False,422,False,524,False,270,False,1,False,1,547,0.0023723030401054668,True,0.012862103661719238,0.008673953334782963,0.003452256283539781,rollover,6,1,5,1,8,1,5,1,4,1,2,1,2,1,1,1,1,0,0,0,0.0007190031425382498,S_partial,60
G60C4,3408,3405,3,False,0.2846461301886998,0.2846461301886998,False,0.08464613018869976,False,673,0.2846461301886998,0.2846461301886998,0.2846461301886998,0.2846461301886998,916.0,False,675,False,784.0,False,633,False,673,False,584,False,635,False,467,False,608,False,336,False,1,False,1,673,0.007750445273360829,False,0.011068052268907155,0.005634249400021805,0.005614019740492532,rollover,6,0,5,0,5,0,5,0,5,0,3,0,4,3,3,1,3,0,1,0,0.001133372681892289,S_partial,60
G61C2,7506,7501,5,False,0.28459224697244234,0.27678114628098893,True,0.08459224697244233,False,2570,0.27678114628098893,0.28459224697244234,0.28459224697244234,0.28459224697244234,3225.0,False,2589,False,2625.0,False,2337,False,2570,False,1897,False,2167,False,1449,False,1832,False,906,False,6,False,6,2570,0.01578287114300786,False,0.00976218632596979,0.009363959331704197,0.009301294991922287,rollover,8,3,5,2,5,3,5,2,7,5,6,5,9,0,7,0,7,1,6,1,0.0014809394981728577,S_partial,61
G61C3,2962,2962,0,False,0.2804274207976021,0.27649087666070643,True,0.08042742079760207,False,1416,0.27649087666070643,0.2804274207976021,0.2804274207976021,0.2804274207976021,1418.0,False,1416,False,1417.0,False,1331,False,1416,False,1109,False,1310,False,998,False,1066,False,669,False,6,False,6,1416,0.04849052757478606,False,0.01963319701293079,0.018578781565737914,0.01852830050336297,rollover,4,8,3,4,2,2,2,2,3,5,3,4,2,1,2,1,4,0,1,0,0.002462494581668753,S_partial,61
G61C4,6430,6424,6,False,0.2809696442720161,0.2739111256280698,True,0.08096964427201608,False,2301,0.2739111256280698,0.2809696442720161,0.2809696442720161,0.2809696442720161,2888.0,False,2478,False,2545.0,False,2162,False,2301,False,1847,False,1986,False,1323,False,1672,False,660,False,6,False,6,2301,0.014921274621255642,False,0.014216002165532503,0.0123045322114616,0.012135957059368974,rollover,3,6,2,2,1,3,0,2,3,1,3,0,5,0,5,0,7,0,5,0,0.0020704787998536995,S_partial,61
G62C1,8949,8930,19,False,0.27952461399685713,0.27944432665254965,False,0.07952461399685712,False,786,0.27944432665254965,0.27952461399685713,0.27952461399685713,0.27952461399685713,3412.0,False,2644,False,2978.0,False,770,False,786,False,768,False,770,False,693,False,768,False,394,False,2,False,2,786,0.020541856972596417,False,0.02305840945836334,0.02165441496416779,0.01587896703114379,rollover,2,3,2,2,2,2,2,2,3,2,2,2,1,2,1,2,1,2,1,1,0.003035470259014506,S_partial,62
G62C2,6715,6713,2,False,0.2837220201948058,0.28221886960393605,False,0.08372202019480579,False,1981,0.28221886960393605,0.2837220201948058,0.2837220201948058,0.2837220201948058,1986.0,False,1982,False,1984.0,False,1562,False,1981,False,1299,False,1559,False,1075,False,1309,False,590,False,5,False,5,1981,0.03367214714162131,False,0.01711127910739702,0.016931032188331196,0.01606431522659677,rollover,7,8,2,5,4,7,4,5,7,0,3,0,4,0,3,0,2,0,2,0,0.002749250718740515,S_partial,62
G62C3,6878,6871,7,False,0.28061263634058525,0.28061263634058525,False,0.08061263634058524,False,1756,0.28061263634058525,0.28061263634058525,0.28061263634058525,0.28061263634058525,2166.0,False,1867,False,1903.0,False,1512,False,1756,False,1178,False,1473,False,878,False,1164,False,424,False,1,False,1,1756,0.017703292008544175,False,0.0126299821202461,0.011816439253868598,0.011795980357036037,rollover,2,7,2,4,3,2,1,1,0,1,0,0,1,0,1,0,2,0,2,0,0.0017007150551400733,S_partial,62
G62C4,4452,4370,82,False,0.28478749105490986,0.28478749105490986,False,0.08478749105490985,False,1090,0.28478749105490986,0.28478749105490986,0.28478749105490986,0.28478749105490986,1094.0,False,1090,False,1092.0,False,1088,False,1090,False,742,False,1088,False,678,False,756,False,532,False,1,False,1,1090,0.04054628689841666,False,0.020639606582923256,0.02077658341741704,0.01984698210773076,rollover,1,1,0,1,0,0,0,0,1,0,1,0,1,2,1,2,1,1,1,1,0.00315867000759366,S_partial,62
G63C1,2084,2081,3,False,0.2858078061816527,0.2858078061816527,False,0.08580780618165268,False,916,0.2858078061816527,0.2858078061816527,0.2858078061816527,0.2858078061816527,1219.0,False,915,False,1034.0,False,736,False,916,False,598,False,751,False,379,False,618,False,38,False,1,False,1,916,0.010726140379023918,False,0.012927220018545195,0.012128314875262976,0.011403287951776085,rollover,5,0,4,0,4,0,4,0,3,0,3,0,1,0,1,0,1,0,0,0,0.0023820154645428503,S_partial,63
G63C2,2339,2336,3,False,0.2851546710650752,0.2851546710650752,False,0.08515467106507518,False,939,0.2851546710650752,0.2851546710650752,0.2851546710650752,0.2851546710650752,1191.0,False,941,False,1024.0,False,724,False,939,False,567,False,743,False,345,False,595,False,94,False,1,False,1,939,0.012943710327188135,False,0.01087595244989754,0.010613117648458528,0.010250286491225924,rollover,2,1,2,0,4,0,4,0,5,0,5,0,4,0,4,0,4,0,4,0,0.001809577570712578,S_partial,63
G63C3,3712,3709,3,False,0.2863419122578302,0.2863419122578302,False,0.08634191225783017,False,1336,0.2863419122578302,0.2863419122578302,0.2863419122578302,0.2863419122578302,1823.0,False,1323,False,1596.0,False,1053,False,1336,False,781,False,1077,False,541,False,884,False,40,False,1,False,1,1336,0.010633962489471904,False,0.0114150318436549,0.01097230633674086,0.01033489494248151,rollover,6,1,6,1,5,0,4,0,5,0,5,0,3,0,2,0,1,0,1,0,0.001812651508917388,S_partial,63
G63C4,3689,3686,3,False,0.2854126965158264,0.2854126965158264,False,0.08541269651582639,False,1859,0.2854126965158264,0.2854126965158264,0.2854126965158264,0.2854126965158264,2676.0,False,1859,False,2274.0,False,1364,False,1859,False,1021,False,1439,False,708,False,1108,False,82,False,1,False,1,1859,0.011387473719541213,False,0.010496411496068619,0.010553991788483465,0.009918193122327067,rollover,4,0,3,0,5,0,4,0,4,0,3,0,2,0,2,0,1,0,0,0,0.002237738106398717,S_partial,63
G64C1,1510,1508,2,False,0.2838800655903483,0.2838800655903483,False,0.08388006559034827,False,609,0.2838800655903483,0.2838800655903483,0.2838800655903483,0.2838800655903483,706.0,False,613,False,630.0,False,586,False,609,False,576,False,586,False,542,False,576,False,405,False,1,False,1,609,0.00254368960543222,True,0.018963165116808914,0.007237170561990337,0.004181803229525838,rollover,9,0,7,0,4,1,4,1,4,1,3,1,3,1,3,1,2,0,1,0,0.0008687706233867779,S_partial,64
G64C2,2003,2002,1,False,0.280073732022396,0.280073732022396,False,0.08007373202239598,False,514,0.280073732022396,0.280073732022396,0.280073732022396,0.280073732022396,596.0,False,545,False,566.0,False,499,False,514,False,458,False,496,False,453,False,457,False,333,False,1,False,1,514,0.0226499705776515,False,0.027840867196081493,0.02073456029040514,0.015843791033383438,rollover,1,2,1,1,1,1,1,1,1,1,1,1,1,1,0,1,1,1,0,1,0.002880601439411801,S_partial,64
G64C3,984,983,1,False,0.28262044744045295,0.28262044744045295,False,0.08262044744045294,False,746,0.28262044744045295,0.28262044744045295,0.28262044744045295,0.28262044744045295,851.0,False,749,False,768.0,False,722,False,746,False,638,False,720,False,448,False,650,False,246,False,1,False,1,746,0.00590352219536891,False,0.010039969632405226,0.007541801508294732,0.0072690272917316145,rollover,4,0,3,0,4,0,4,0,2,0,1,0,1,0,0,0,0,0,0,0,0.0019328944982039,S_partial,64
G64C4,4376,4373,3,False,0.2835107671386204,0.2835107671386204,False,0.08351076713862038,False,857,0.2835107671386204,0.2835107671386204,0.2835107671386204,0.2835107671386204,1152.0,False,862,False,933.0,False,787,False,857,False,677,False,787,False,444,False,685,False,202,False,1,False,1,857,0.005803773637831161,False,0.01195092065683478,0.007944519614446722,0.008286522744995367,two_term_exponential,4,0,3,0,3,0,3,0,2,0,0,0,1,0,1,0,1,0,1,0,0.0021357568170943158,S_partial,64
G8C1,1218,1218,0,False,0.2784721655231459,0.2775086887011004,False,0.0784721655231459,False,864,0.2775086887011004,0.2784721655231459,0.2784721655231459,0.2784721655231459,,False,941,False,1039.0,False,774,False,864,False,597,False,715,False,442,False,569,False,90,False,4,False,4,864,0.0036084658280536586,False,0.012222441721593752,0.011462539515102356,0.010669809392561914,rollover,4,6,0,4,0,5,0,3,0,1,0,1,1,0,0,0,0,0,0,0,0.001744547947807634,S_partial,8
G8C2,1378,1378,0,False,0.28166050636901807,0.28166050636901807,False,0.08166050636901806,False,1074,0.28166050636901807,0.28166050636901807,0.28166050636901807,0.28166050636901807,,False,1118,False,1271.0,False,889,False,1074,False,699,False,880,False,496,False,700,False,115,False,1,False,1,1074,0.0032887888818588507,False,0.011554734344712617,0.010926839466981978,0.010422946561750324,rollover,2,12,1,7,0,1,0,1,0,0,0,0,0,0,0,0,0,0,0,0,0.0018864051070753489,S_partial,8
G8C3,2933,2933,0,False,0.28220378674906804,0.28220378674906804,False,0.08220378674906803,False,1754,0.28220378674906804,0.28220378674906804,0.28220378674906804,0.28220378674906804,2206.0,False,1793,False,2198.0,False,1355,False,1754,False,979,False,1298,False,690,False,993,False,187,False,1,False,1,1754,0.006020729093586363,False,0.008470963884210345,0.008454008564851486,0.008137340232579943,rollover,6,12,4,9,1,7,0,4,2,2,2,0,2,0,2,0,0,0,0,0,0.001721999162410261,S_partial,8
G8C4,2372,2372,0,False,0.28535860877008484,0.28535860877008484,False,0.08535860877008483,False,1541,0.28535860877008484,0.28535860877008484,0.28535860877008484,0.28535860877008484,2095.0,False,1542,False,1809.0,False,1162,False,1541,False,909,False,1190,False,663,False,922,False,64,False,1,False,1,1541,0.006029058617970595,False,0.012680027767898722,0.012595720979454293,0.01147536021706254,rollover,3,3,2,1,0,1,0,0,0,0,0,0,0,0,0,0,0,0,0,0,0.002546157936600146,S_partial,8
G9C1,360,360,0,False,0.28265525001697,0.28265525001697,False,0.08265525001697,False,350,0.28265525001697,0.28265525001697,0.28265525001697,0.28265525001697,,False,357,False,,False,311,False,350,False,273,False,309,False,204,False,276,False,56,False,1,False,1,350,0.0019062597911493895,True,0.015565815213893993,0.011983393349146748,0.011376096932669697,rollover,0,3,0,3,1,1,1,0,1,0,1,0,1,0,1,0,1,0,1,0,0.0023451585788023008,S_full,9
G9C2,351,351,0,False,0.2874323830252228,0.2874323830252228,False,0.08743238302522277,False,323,0.2874323830252228,0.2874323830252228,0.2874323830252228,0.2874323830252228,,False,321,False,344.0,False,296,False,323,False,264,False,300,False,191,False,281,False,47,False,1,False,1,323,0.0019415548471448663,True,0.0192783952277412,0.01376499414570374,0.012702844843812285,rollover,0,4,0,3,1,0,1,0,1,0,1,0,1,0,1,0,1,0,1,0,0.002577022276450335,S_full,9
G9C4,375,375,0,False,0.2891013825896305,0.2891013825896305,False,0.08910138258963046,False,272,0.2891013825896305,0.2891013825896305,0.2891013825896305,0.2891013825896305,301.0,False,269,False,293.0,False,238,False,272,False,201,False,250,False,101,False,225,False,30,False,1,False,1,272,0.0012806131693599287,True,0.01643792636555183,0.01358047619383504,0.012674402261772537,rollover,0,3,0,2,1,2,1,2,1,0,1,0,1,0,1,0,1,0,1,0,0.0019560728952213785,S_full,9
