cell,group,dod,cdis,n,T,guard,q1,f_start,f_T,f_max_toT,raw_T_mAh,d12_dropped
G14C1,14,0.6631999999999999,0.5,425,417,False,0.28905687314018647,1.466951177758929,1.4022967641191233,1.466951177758929,142.4055555555555,0
G16C1,16,0.9762000000000001,0.5,761,555,False,0.2824037081910239,1.0310775309168592,1.0902500347949895,1.0902500347949895,183.1430833333333,0
G16C2,16,0.9762000000000001,0.5,695,583,False,0.2861691585756813,1.024535316429328,1.1224175060717132,1.1224175060717132,178.6021944444444,0
G16C3,16,0.9762000000000001,0.5,714,575,False,0.2832168456699318,1.0143160502442636,1.0830597205768773,1.0830597205768773,184.6560833333333,0
G16C4,16,0.9762000000000001,0.5,739,562,False,0.28739238309561344,1.028540961321202,1.124878235045884,1.124878235045884,176.9511388888889,0
G17C1,17,0.6753,0.5,1482,1165,False,0.2824934790544523,1.5141264389354052,1.748933993814402,1.748933993814402,114.6198055555555,2
G17C2,17,0.6753,0.5,1253,1158,False,0.2860033098053401,1.4949098387646282,1.66663725083976,1.66663725083976,119.9830833333333,0
G17C3,17,0.6753,0.5,1322,1266,False,0.28626329164568454,1.464302648320623,1.6342445197023627,1.6344515840436964,122.1835833333333,0
G17C4,17,0.6753,0.5,1083,1006,False,0.28359247896842765,1.4544781743460882,1.7463164856219695,1.7463164856219695,113.9038333333333,0
G19C1,19,0.657,0.5,1013,767,False,0.2833555137175095,1.5274704583259673,1.5510039049831044,1.5510039049831044,128.13774999999998,0
G19C2,19,0.657,0.5,853,603,False,0.2830723566485267,1.5436530167220854,1.5517432260764112,1.5517432260764112,128.85486111111112,0
G19C3,19,0.657,0.5,1138,978,False,0.2851862193878433,1.529140344659383,1.7406890622193745,1.7706810416610348,114.75352777777769,0
G19C4,19,0.657,0.5,422,335,False,0.28804174416330713,1.4845228810598683,1.4458223392759535,1.4845228810598683,138.16186111111108,0
G20C1,20,0.9815999999999999,0.5,382,339,False,0.28341683795333933,1.0201003999562333,1.0597611914925913,1.0597611914925913,188.414266666667,0
G20C2,20,0.9815999999999999,0.5,423,388,False,0.28558508059879323,1.019512492900295,1.0776350231771046,1.0776350231771046,185.262955555556,0
G20C3,20,0.9815999999999999,0.5,768,655,False,0.2810254206333541,1.018133486859346,1.0316565658127488,1.0316565658127488,193.819377777778,0
G20C4,20,0.9815999999999999,0.5,720,655,False,0.28635288219616,1.0170762143878354,1.065360734468651,1.065360734468651,186.349411111111,0
G21C1,21,0.9798,0.5,591,490,False,0.28640498298813866,1.0194964810440534,1.054382790939587,1.054382790939587,189.632177777778,0
G21C2,21,0.9798,0.5,931,782,False,0.28626759734362905,1.0216623818692596,1.0925687627291332,1.0925687627291332,181.785577777778,0
G21C3,21,0.9798,0.5,704,613,False,0.2871311104879186,1.0204128071281295,1.055878507146361,1.055878507146361,188.148222222222,0
G21C4,21,0.9798,0.5,664,551,False,0.2852928002551168,1.0200664708692615,1.076788224377274,1.076788224377274,185.705688888889,0
G22C1,22,0.9788,0.5,591,506,False,0.2867094726124211,1.0197853583633427,1.0455382211296451,1.0455382211296451,190.831222222222,0
G22C2,22,0.9788,0.5,519,322,False,0.28719205112206064,1.0225072878173724,1.039128933722469,1.039128933722469,192.056355555556,0
G22C3,22,0.9788,0.5,655,538,False,0.2836848244751641,1.021832135843202,1.047784960634599,1.047784960634599,190.260444444444,0
G22C4,22,0.9788,0.5,528,446,False,0.2921662043154066,1.0216803719681324,1.0493333881115805,1.0493333881115805,189.82080000000002,0
G23C1,23,0.9761,0.5,684,530,False,0.2855033019842007,1.0256044014846204,1.0320110746267477,1.0320110746267477,193.74077777777802,0
G23C2,23,0.9761,0.5,746,599,False,0.2810163355636138,1.0207008805894977,1.0299637063696665,1.0299637063696665,194.232644444444,0
G23C3,23,0.9761,0.5,634,486,False,0.2837550043324682,1.024239488340171,1.0236236696868874,1.024239488340171,195.21595555555598,0
G23C4,23,0.9761,0.5,737,575,False,0.28514482090926796,1.0254928199765794,1.0370901573406477,1.0370901573406477,192.770111111111,0
G24C1,24,0.9751000000000001,0.5,636,532,False,0.2814308583368171,1.0242614413895608,1.0360142667044536,1.0360142667044536,192.92406666666702,0
G24C2,24,0.9751000000000001,0.5,761,624,False,0.2828821437472758,1.0238280857907562,1.0250347964044997,1.0250347964044997,195.06611111111098,0
G24C3,24,0.9751000000000001,0.5,557,443,False,0.28420794224217133,1.027009347515561,1.041614982874325,1.041614982874325,191.750355555556,0
G24C4,24,0.9751000000000001,0.5,639,460,False,0.28226393483671486,1.023256585386238,1.0225960727523706,1.023256585386238,194.85693333333302,0
G25C1,25,0.5143,0.6,1527,1303,False,0.2860143641729934,1.909993613402524,2.728364104981588,2.728364104981588,73.2862333333333,1
G25C2,25,0.5143,0.6,1592,1393,False,0.28535528993619974,2.00266207629753,2.827970603143546,2.827970603143546,70.7427111111111,2
G25C3,25,0.5143,0.6,3041,1692,False,0.284408183216973,1.919476825107317,2.4342118545545057,2.4342118545545057,82.27875,1
G25C4,25,0.5143,0.6,6317,3087,False,0.28244117957613474,1.9518449833625968,2.476788078341204,2.476788078341204,80.8246777777778,1
G27C1,27,0.5785,2.4,8900,2031,False,0.28879660456235823,1.8519861017738064,6.118808791793851,6.118808791793851,32.5238,8
G27C2,27,0.5785,2.4,10363,1856,False,0.28393991071278213,1.6341414403364365,8.680003668492503,8.680003668492503,22.7431555555556,9
G27C3,27,0.5785,2.4,3684,1340,False,0.2846955484767156,1.7140824662787413,2.5743228648472893,2.5743228648472893,77.66807222222221,0
G27C4,27,0.5785,2.4,8840,1475,False,0.2843296810581503,1.7020352248661743,3.899464014673713,3.899464014673713,51.2182333333333,2
G28C1,28,0.8099,1.6,1698,1055,False,0.2868334432033466,1.2278797534749677,1.5994134872467811,1.5994134872467811,124.980611111111,0
G28C2,28,0.8099,1.6,2115,1336,False,0.28836624377759995,1.221474254990884,1.628047146632986,1.628047146632986,122.881744444444,0
G28C3,28,0.8099,1.6,2114,1311,False,0.2868224654465625,1.2575702307984544,1.5828690598631967,1.5828690598631967,126.37049999999999,0
G28C4,28,0.8099,1.6,1636,801,False,0.28729087223376487,1.222960176377297,1.6837368864097213,1.6837368864097213,118.873666666667,2
G29C1,29,0.5247999999999999,1.8,3120,2132,False,0.28688201991630224,1.8977303830987835,4.159954851226568,4.159954851226568,47.6956833333333,2
G29C2,29,0.5247999999999999,1.8,6560,3363,False,0.2846925481653868,1.8761780920323232,3.7105190676707673,3.77705345839452,53.933816666666694,5
G29C3,29,0.5247999999999999,1.8,4250,2679,False,0.2849355582105952,1.890858287448932,3.168291256254445,3.168291256254445,63.43171111111109,1
G29C4,29,0.5247999999999999,1.8,3228,2170,False,0.2864325464414486,1.921412799565403,3.738515836318653,3.738515836318653,53.5466166666667,3
G30C1,30,0.7759,0.8,1464,618,False,0.28187507499647896,1.252965877162132,1.530531174431782,1.530531174431782,130.669344444444,3
G30C2,30,0.7759,0.8,1246,915,False,0.2850496432682909,1.331241502969643,1.5276312473021718,1.5276312473021718,130.648111111111,1
G30C3,30,0.7759,0.8,1788,1252,False,0.2833834148263814,1.3321299469842331,1.7883156543993728,1.7883156543993728,111.702455555556,1
G30C4,30,0.7759,0.8,954,632,False,0.2820713600714427,1.2438819518638948,1.645308474975992,1.645308474975992,121.115055555556,1
G31C1,31,0.6143,1.0,2409,1507,False,0.2833739907940301,1.6506038344723724,2.7953767727477428,2.7953767727477428,71.49318888888891,3
G31C2,31,0.6143,1.0,2631,1130,False,0.28512964903614724,1.6237363511955711,2.7751712005123967,2.7751712005123967,71.9800666666667,2
G31C3,31,0.6143,1.0,2547,1174,False,0.28211929683549375,1.622690600231736,2.2184028236072444,2.2184028236072444,90.2248888888889,1
G31C4,31,0.6143,1.0,3007,1035,False,0.28396278248523144,1.604512823604628,2.6558169695136686,2.6558169695136686,75.3646277777778,0
G35C1,35,0.9702,0.5,1163,733,False,0.2881482801391834,1.045376669987033,1.073949108527717,1.0750496885556198,186.62555555555548,0
G35C2,35,0.9702,0.5,440,369,False,0.280698740949512,1.0239551034130752,1.0066042696636717,1.0239551034130752,197.98130555555548,0
G35C3,35,0.9702,0.5,775,529,False,0.2842833916684314,1.00796786985305,1.0140266777578215,1.015704256733481,196.0653888888889,0
G35C4,35,0.9702,0.5,668,480,False,0.2876604456928561,1.0351335578526055,1.0404318275315891,1.0418713328152198,192.0464166666666,0
G36C2,36,0.9706,0.5,988,644,False,0.28253334761231774,1.0260016343744915,1.0405498189152362,1.0405498189152362,191.73197222222223,0
G36C3,36,0.9706,0.5,1072,628,False,0.286534414094491,1.0255001471139145,1.0285864882596478,1.030082210531785,193.59894444444438,0
G36C4,36,0.9706,0.5,435,305,False,0.2885714459696985,1.0395852218650643,1.0230281164432926,1.0395852218650643,194.9773888888889,0
G37C2,37,0.9808,0.5,800,689,False,0.28641448734369335,1.0210196808953558,1.095992962938405,1.095992962938405,182.6574166666666,0
G37C3,37,0.9808,0.5,742,598,False,0.28446964612745806,1.0036129283483752,1.0395923227440649,1.0395923227440649,191.0896388888888,0
G37C4,37,0.9808,0.5,601,512,False,0.2859152398701462,1.0202163524285783,1.0708372753635749,1.0708372753635749,186.70802777777772,0
G38C1,38,0.9582999999999999,0.5,783,461,False,0.28302565111596056,1.0375690970455,1.0307334870854394,1.0375690970455,193.2848055555555,0
G38C2,38,0.9582999999999999,0.5,575,418,False,0.2863334979303206,1.0312653270246095,1.0252498821713352,1.0312653270246095,194.0531388888889,0
G38C3,38,0.9582999999999999,0.5,861,620,False,0.2850493177162513,1.035124988263574,1.089017944792544,1.089017944792544,182.93416666666658,0
G38C4,38,0.9582999999999999,0.5,1154,652,False,0.28515664239794264,1.068112690034444,1.0696615151368667,1.0696615151368667,186.9695,0
G39C1,39,0.9714,0.5,746,564,False,0.2847904718414847,1.0546735393915283,1.074059570866677,1.074059570866677,185.72072222222218,0
G39C2,39,0.9714,0.5,730,550,False,0.2846311229762718,1.0235146683613456,1.0693707466531754,1.0693707466531754,187.518,0
G39C3,39,0.9714,0.5,742,502,False,0.28818028079961266,1.0177818979094997,1.051150141810743,1.051150141810743,190.1601388888888,0
G39C4,39,0.9714,0.5,929,585,False,0.28359308319542975,1.0246205556854182,1.0306145749094429,1.0306145749094429,193.6059166666666,0
G3C1,3,0.6777,0.5,2023,1567,False,0.28283798093117996,1.490231223681665,1.67690567629495,1.7039179771735684,119.4823055555555,0
G3C2,3,0.6777,0.5,1173,917,False,0.2798289583371036,1.452840119508084,1.7588801160956915,1.7588801160956915,113.88505555555551,0
G3C3,3,0.6777,0.5,1797,1423,False,0.2856303899779568,1.4905079435464816,1.84202131902036,1.84202131902036,108.7794444444444,0
G3C4,3,0.6777,0.5,1182,927,False,0.28465976212189453,1.4694911128603088,1.931106347032045,1.931106347032045,104.5588888888888,0
G41C1,41,0.6701999999999999,1.775,11053,2515,False,0.28296962042264867,1.4829485627823438,2.111181603917474,2.111181603917474,94.62161111111111,180
G41C2,41,0.6701999999999999,1.775,6643,2041,False,0.2813952946422478,1.4909051474629051,2.126809728120816,2.126809728120816,94.07258333333331,5
G41C3,41,0.6701999999999999,1.775,8924,2150,False,0.28391488282326593,1.4875211103295298,2.402471819472108,2.402471819472108,83.4409722222222,5
G41C4,41,0.6701999999999999,1.775,10225,1998,False,0.2833051123295591,1.493628627852757,2.386451617123712,2.386451617123712,83.86022222222219,8
G45C1,45,0.8026000000000001,1.725,4368,875,False,0.2819715717795984,1.2497295934959844,2.247282314342441,2.247282314342441,89.0174888888889,3
G45C2,45,0.8026000000000001,1.725,5310,686,False,0.2851130285307548,1.23241450247151,1.9289214054127333,1.9289214054127333,103.2711,1
G45C3,45,0.8026000000000001,1.725,5471,709,False,0.28364884437937316,1.2495854785040013,2.089060003925045,2.089060003925045,95.4731555555556,1
G45C4,45,0.8026000000000001,1.725,4429,987,False,0.2844701320128041,1.2513039683269722,2.4465907595571914,2.4465907595571914,81.68665,3
G46C1,46,0.7536,2.025,5943,1156,False,0.284780549393778,1.3617205446460172,3.287908413840579,3.287908413840579,60.843944444444496,4
G46C2,46,0.7536,2.025,5155,1196,False,0.28227798585596586,1.3078042107528476,3.3299182600894666,3.3299182600894666,59.6884,1
G46C3,46,0.7536,2.025,4857,681,False,0.2824215550962989,1.328603085998965,2.0828337169581297,2.0828337169581297,96.6084333333333,4
G46C4,46,0.7536,2.025,6218,1108,False,0.28486422366255376,1.312017166106329,3.296667947121516,3.296667947121516,60.9709222222222,3
G48C1,48,0.5857,2.225,3661,1830,False,0.28327382372763094,1.7049680256865587,4.073174442106975,4.073174442106975,48.7674111111111,287
G48C2,48,0.5857,2.225,5719,1526,False,0.28349180923762846,1.7402245052499057,4.043624848160595,4.043624848160595,49.2221833333333,5
G48C3,48,0.5857,2.225,4690,2106,False,0.2836325692922333,1.6292114180514554,3.144294362041395,3.144294362041395,63.5791555555556,304
G48C4,48,0.5857,2.225,5620,1379,False,0.2786824027458687,1.73070832445224,3.1411741840263323,3.1411741840263323,63.8330888888889,2
G51C1,51,0.5364,1.875,4982,1858,False,0.2836633036201023,1.7859273326403495,3.5664290515229062,3.5664290515229062,56.619444444444404,2
G51C2,51,0.5364,1.875,5517,2199,False,0.2832915690528407,2.027697926964743,5.027432959529524,5.027432959529524,40.6605388888889,3
G51C3,51,0.5364,1.875,5154,1758,False,0.28521570392572737,1.7725841368461193,3.551844107445661,3.551844107445661,55.0809055555556,243
G51C4,51,0.5364,1.875,5416,1925,False,0.2827982470999676,1.8639748665921436,3.773495378422063,3.773495378422063,54.1161277777778,0
G52C1,52,0.8355,0.875,2552,1360,False,0.284017301571749,1.2034197822694774,1.5851830825421973,1.5851830825421973,126.62152777777769,0
G52C2,52,0.8355,0.875,1914,1005,False,0.2841918634343847,1.1753553863183948,1.532048215941118,1.532048215941118,130.3775,1
G52C3,52,0.8355,0.875,2145,1162,False,0.28560540375206905,1.1893512888657385,1.6183716134133297,1.6183716134133297,123.598,3
G52C4,52,0.8355,0.875,2291,1415,False,0.28432775100307267,1.2219502955275394,1.608570607951486,1.608570607951486,124.6772222222222,0
G53C1,53,0.9154000000000001,0.825,472,265,False,0.2925933788993119,1.1039180273965503,1.0789007333534697,1.1039180273965503,183.4783611111111,0
G53C2,53,0.9154000000000001,0.825,527,316,False,0.2929607776993991,1.100450134113525,1.0910150776792042,1.100450134113525,182.8710555555555,0
G53C3,53,0.9154000000000001,0.825,593,300,False,0.295616240806831,1.100663173787222,1.0802399084208756,1.100663173787222,184.8888055555555,0
G53C4,53,0.9154000000000001,0.825,1490,722,False,0.28677739365780197,1.063901513051576,1.236384625624236,1.236384625624236,161.8758055555555,0
G55C1,55,0.6144,2.475,9806,1553,False,0.28358947698838144,1.620031315925597,3.239937635929255,3.239937635929255,61.48225,2
G55C2,55,0.6144,2.475,8644,1768,False,0.2810531649455282,1.6431374528179783,3.364668092662485,3.364668092662485,59.2910277777777,1
G55C3,55,0.6144,2.475,7923,1585,False,0.2793369115249725,1.6024563898115691,2.9291076101540243,2.9291076101540243,68.34713888888889,5
G55C4,55,0.6144,2.475,9671,1660,False,0.2841424826620042,1.635221697725513,5.373291393156896,5.373291393156896,37.2312777777777,4
G56C1,56,0.5381,0.975,4868,2658,False,0.2832320434817122,1.8391244688585249,2.220904083994922,2.220904083994922,90.0055,3
G56C2,56,0.5381,0.975,4928,2537,False,0.28248877205580053,1.850878440467335,2.264754255151178,2.264754255151178,88.32947222222221,5
G56C3,56,0.5381,0.975,3710,1990,False,0.28265598930412106,1.8566030844296528,2.4047479439171715,2.4047479439171715,82.8313888888889,2
G56C4,56,0.5381,0.975,4693,2193,False,0.28377797650376385,1.870897839230033,2.245600861055843,2.245600861055843,88.9097777777777,6
G5C1,5,0.9754,0.5,741,548,False,0.28199095927064166,1.0226148888082394,1.0628500405571086,1.0628500405571086,187.7048888888889,0
G5C2,5,0.9754,0.5,1687,578,False,0.2845946764446039,1.036561961412524,1.1546771673587286,1.1546771673587286,172.96777777777768,1
G5C3,5,0.9754,0.5,792,724,False,0.2830733288628509,1.0245728508331156,1.0365010434026287,1.0684995161266837,192.70122222222219,0
G5C4,5,0.9754,0.5,565,346,False,0.28716238588951953,1.018662598480046,1.0733442836885234,1.0733442836885234,185.29094444444442,0
G60C1,60,0.8362999999999999,1.325,3757,909,False,0.28431752960566015,1.1787313153043182,1.8330339647661675,1.8330339647661675,109.08185555555599,2
G60C2,60,0.8362999999999999,1.325,2479,828,False,0.28529193774454437,1.226418787694764,2.494419731880494,2.494419731880494,79.50835000000001,6
G60C3,60,0.8362999999999999,1.325,3045,547,False,0.2810458237306087,1.1755906362080832,1.5299805221756404,1.5299805221756404,130.52477777777798,4
G60C4,60,0.8362999999999999,1.325,3405,673,False,0.2846461301886998,1.2065310511099152,1.7669628855712356,1.7669628855712356,113.279522222222,3
G61C2,61,0.5407,1.975,7501,2570,False,0.28459224697244234,1.8705948648191209,3.159186651466703,3.159186651466703,63.303722222222206,5
G61C3,61,0.5407,1.975,2962,1416,False,0.2804274207976021,1.8071950069684124,4.516277432438545,4.516277432438545,47.1344166666666,0
G61C4,61,0.5407,1.975,6424,2301,False,0.2809696442720161,1.8376939108385817,2.730567183423881,2.730567183423881,73.08872222222219,6
G62C1,62,0.6419,2.425,8930,786,False,0.27952461399685713,1.621408120288153,2.0913070960571005,2.0913070960571005,95.2206388888888,19
G62C2,62,0.6419,2.425,6713,1981,False,0.2837220201948058,1.5557846057101532,4.816485119620103,4.816485119620103,42.0863333333333,2
G62C3,62,0.6419,2.425,6871,1756,False,0.28061263634058525,1.5838989611751288,2.6993076717519493,2.6993076717519493,73.9755555555555,7
G62C4,62,0.6419,2.425,4370,1090,False,0.28478749105490986,1.4770193430629044,3.945674728595815,3.945674728595815,51.0903888888888,82
G63C1,63,0.8057,1.675,2081,916,False,0.2858078061816527,1.2558453880213758,1.817048740872536,1.817048740872536,110.29613888888889,3
G63C2,63,0.8057,1.675,2336,939,False,0.2851546710650752,1.23150663099392,1.9431160911123488,1.9431160911123488,103.065,3
G63C3,63,0.8057,1.675,3709,1336,False,0.2863419122578302,1.2458869745224943,1.7202390937945735,1.7202390937945735,116.1089444444444,3
G63C4,63,0.8057,1.675,3686,1859,False,0.2854126965158264,1.2335252397460432,1.827698493315934,1.827698493315934,109.5363888888888,3
G64C1,64,0.9144,1.425,1508,609,False,0.2838800655903483,1.1018096553236931,1.5227112257259492,1.5227112257259492,131.53158333333332,2
G64C2,64,0.9144,1.425,2002,514,False,0.280073732022396,1.0809429260202457,1.8289248530782904,1.8289248530782904,109.36508333333329,1
G64C3,64,0.9144,1.425,983,746,False,0.28262044744045295,1.094335966946847,1.3775707896926757,1.3775707896926757,144.45,1
G64C4,64,0.9144,1.425,4373,857,False,0.2835107671386204,1.0986500674284536,1.445153796684235,1.445153796684235,138.19575,3
G8C1,8,0.6724,0.5,1218,864,False,0.2784721655231459,1.4862229452114113,1.5522120529430483,1.5522120529430483,128.5631666666666,0
G8C2,8,0.6724,0.5,1378,1074,False,0.28166050636901807,1.4694074531925092,1.5994900359078918,1.5994900359078918,124.8396388888888,0
G8C3,8,0.6724,0.5,2933,1754,False,0.28220378674906804,1.52701590268466,1.630799169730817,1.6456420807045955,122.6191388888888,0
G8C4,8,0.6724,0.5,2372,1541,False,0.28535860877008484,1.466740074999803,1.6106409310281655,1.6109078375284636,123.77241666666659,0
G9C1,9,0.9693,0.5,360,350,False,0.28265525001697,1.0358377611992555,1.024285907044966,1.0358377611992555,194.7810555555555,0
G9C2,9,0.9693,0.5,351,323,False,0.2874323830252228,1.0353473059847664,1.0140436053500934,1.0353473059847664,197.0893888888888,0
G9C4,9,0.9693,0.5,375,272,False,0.2891013825896305,1.0363975882929195,1.015987766991608,1.0363975882929195,196.3899166666666,0
