cell_id,q1,c5_week0,q1_minus_c5_0_over_qnom,q1_no_week0_minus_c5_0_over_qnom,T_time,c5_first_below_rpt,eol_in_interval
G14C1,0.28905687314018647,0.2842125,0.019377492560745946,-0.1052302150764679,1627852016.0,5,True
G16C1,0.2824037081910239,0.28146944444444444,0.0037370549863178226,0.003970561074151391,1639203465.0,13,True
G16C2,0.2861691585756813,0.28580972222222223,0.0014377454138363444,0.0033479194821632863,1640270492.0,15,True
G16C3,0.2832168456699318,0.28310555555555555,0.00044516045750508937,0.004582514786069858,1640051803.0,15,True
G16C4,0.28739238309561344,0.28662916666666666,0.003052865715787112,0.0036166330442732875,1639706798.0,14,True
G17C1,0.2824934790544523,0.28147080555555554,0.004090693995587147,0.009071071054605584,1640718962.0,15,True
G17C2,0.2860033098053401,0.28386805555555555,0.008541016999138229,0.018024939360592684,1640928705.0,16,True
G17C3,0.28626329164568454,0.2861777777777778,0.00034205547162691197,0.008808259546906116,1642402885.0,18,True
G17C4,0.28359247896842765,0.28343888888888885,0.0006143603181552049,0.016814886106635507,1639609552.0,14,True
G19C1,0.2833555137175095,0.2800972222222222,0.01303316598114912,-0.07538744172824097,1635438484.0,9,True
G19C2,0.2830723566485267,0.28473194444444444,-0.006638351183670954,-0.1160032894101366,1633954915.0,7,True
G19C3,0.2851862193878433,0.28344166666666665,0.006978210884706515,-0.0554579898039842,1637093255.0,11,True
G19C4,0.28804174416330713,0.2854124722222222,0.010517087764339683,-0.06684829200852938,1631993287.0,4,True
G20C1,0.28341683795333933,0.283018151111111,0.0015947473689132963,0.0011169428639754564,1645535885.0,9,True
G20C2,0.28558508059879323,0.285403573333333,0.0007260290618409382,0.0016038825222894904,1646311069.0,10,True
G20C3,0.2810254206333541,0.280671822222222,0.0014143936445285554,-0.0012328316803793538,1649603459.0,15,True
G20C4,0.28635288219616,0.286220728888889,0.0005286132290840406,0.0006714151489575215,1650238760.0,16,True
G21C1,0.28640498298813866,0.286229368888889,0.0007024563969986186,-0.006279068293800094,1647063611.0,11,True
G21C2,0.28626759734362905,0.286188497777778,0.0003163982634042384,-0.004751927909392606,1650952313.0,17,True
G21C3,0.2871311104879186,0.28703888,0.0003689219516744835,-0.0039126459707012895,1648734386.0,13,True
G21C4,0.2852928002551168,0.285211786666667,0.00032405435379900815,-0.0029632081012427314,1647900618.0,12,True
G22C1,0.2867094726124211,0.28666912,0.00016141044968431828,-0.004977440792447663,1647193384.0,11,True
G22C2,0.28719205112206064,0.287045653333333,0.0005855911549106363,-0.009903211100293685,1644754043.0,8,True
G22C3,0.2836848244751641,0.283185653333333,0.0019966845673242695,-0.008532627431795614,1647467030.0,12,True
G22C4,0.2921662043154066,0.292086453333333,0.0003190039282943147,-0.0048991447705621916,1646472749.0,10,True
G23C1,0.2855033019842007,0.284943146666667,0.0022406212701349126,-0.013582005381785667,1647032401.0,11,True
G23C2,0.2810163355636138,0.280321955555556,0.0027775200322310845,-0.014412382512450916,1647817009.0,12,True
G23C3,0.2837550043324682,0.282664515555556,0.004361955107648807,-0.01386465087633626,1646419708.0,10,True
G23C4,0.28514482090926796,0.283575928888889,0.006275568081515859,-0.013466524704966787,1647692626.0,12,True
G24C1,0.2814308583368171,0.279665208888889,0.007062597791712255,-0.01537802511923525,1646928260.0,11,True
G24C2,0.2828821437472758,0.281745635555556,0.004546032766879371,-0.013727451733439366,1647928724.0,12,True
G24C3,0.28420794224217133,0.282545973333333,0.006647875635353406,-0.01310234404990318,1646113862.0,10,True
G24C4,0.28226393483671486,0.280779537777778,0.005937588235747526,-0.01464354557168357,1646070411.0,10,True
G25C1,0.2860143641729934,0.285638186666667,0.0015047100253056112,0.006540968573838457,1648457286.0,13,True
G25C2,0.28535528993619974,0.284567466666667,0.003151293078131001,0.06951242297050086,1649233285.0,14,True
G25C3,0.284408183216973,0.284015324444444,0.0015714350901159246,-0.0013236546297095142,1650635027.0,16,True
G25C4,0.28244117957613474,0.282244266666667,0.0007876516378708676,-0.006857933895675572,1659102122.0,28,True
G27C1,0.28879660456235823,0.286678435555556,0.008472676027208914,-0.0030770143195431032,1650260045.0,18,False
G27C2,0.28393991071278213,0.284682382222222,-0.002969886037759384,0.018262664169318432,1649071306.0,16,False
G27C3,0.2846955484767156,0.285323786666667,-0.0025129527598057866,0.023344593473602293,1647508809.0,12,True
G27C4,0.2843296810581503,0.283525973333333,0.0032148308992692165,0.01045710796031174,1648217282.0,13,True
G28C1,0.2868334432033466,0.282344373333333,0.017956279480054294,-0.0385395167904492,1645549064.0,9,True
G28C2,0.28836624377759995,0.285554595555556,0.011246592888175755,-0.018043042129263887,1647047159.0,11,True
G28C3,0.2868224654465625,0.283882702222222,0.011759052897361899,-0.04045760824697253,1646904637.0,11,True
G28C4,0.28729087223376487,0.282873297777778,0.01767029782394758,-0.028855413511154282,1644286367.0,7,True
G29C1,0.28688201991630224,0.285435982222222,0.005784150776320995,0.007872046964391366,1647988966.0,12,True
G29C2,0.2846925481653868,0.283694471111111,0.003992308217103169,0.02066821322974488,1652124055.0,19,True
G29C3,0.2849355582105952,0.284038008888889,0.003590197286824637,0.020027012892992024,1650126761.0,16,True
G29C4,0.2864325464414486,0.285148675555556,0.005135483543570407,0.02159588120815581,1648295316.0,13,True
G30C1,0.28187507499647896,0.281485884444444,0.001556762208139828,0.0035649306819593995,1669502084.0,11,True
G30C2,0.2850496432682909,0.28468496,0.0014587330731636872,0.003351031520471448,1672286877.0,14,True
G30C3,0.2833834148263814,0.283053457777778,0.0013198281944135637,0.008081988190830947,1674933845.0,18,True
G30C4,0.2820713600714427,0.281902791111111,0.0006742758413267325,0.001442820882043172,1669705701.0,10,True
G31C1,0.2833739907940301,0.283332622222222,0.0001654742872323478,0.004234609260900468,1672394293.0,14,True
G31C2,0.28512964903614724,0.285080906666667,0.00019496947792085884,0.0060296001085216044,1670387239.0,11,True
G31C3,0.28211929683549375,0.282173671111111,-0.0002174971024690997,0.004694122693165159,1670730940.0,12,True
G31C4,0.28396278248523144,0.283873617777778,0.00035665882981383845,0.008893164732369119,1669696943.0,10,True
G35C1,0.2881482801391834,0.2859484722222222,0.008799231667844909,-0.007719313156060004,1654203490.0,15,True
G35C2,0.280698740949512,0.2795222222222222,0.004706074909159197,-0.014086294950839573,1649563593.0,8,True
G35C3,0.2842833916684314,0.2831652777777778,0.004472455562614552,-0.008513345670702499,1651610284.0,11,True
G35C4,0.2876604456928561,0.2858646111111111,0.007183338326979927,-0.017486042472429908,1650761750.0,10,True
G36C2,0.28253334761231774,0.2800874166666667,0.00978372378260417,-0.011934932375285978,1652672204.0,13,True
G36C3,0.286534414094491,0.2834787777777778,0.012222545266852736,-0.016671872656140563,1652572787.0,13,True
G36C4,0.2885714459696985,0.28332780555555553,0.020974561656571966,-0.012993333159342368,1648416141.0,7,True
G37C2,0.28641448734369335,0.28440347222222223,0.008044060485884463,0.010806534411969215,1656476061.0,17,True
G37C3,0.28446964612745806,0.28436572222222223,0.000415695620943346,0.002539823260030216,1654607196.0,16,True
G37C4,0.2859152398701462,0.2847734722222222,0.004567070591696032,0.005586267497499353,1653821921.0,13,True
G38C1,0.28302565111596056,0.28008180555555556,0.011775382241620003,-0.020336949737585153,1650246872.0,9,True
G38C2,0.2863334979303206,0.2859575,0.0015039917212824605,-0.02107086125794666,1650169752.0,9,True
G38C3,0.2850493177162513,0.28449861111111113,0.0022028264205606884,-0.0057368124082157745,1653026197.0,13,True
G38C4,0.28515664239794264,0.28376944444444446,0.005548791813992704,-0.02553967406247204,1652440776.0,13,True
G39C1,0.2847904718414847,0.28454494444444445,0.0009821095881610287,-0.021449983999732858,1652063413.0,12,True
G39C2,0.2846311229762718,0.2839944444444445,0.002546714127309224,-0.009053764465878578,1652108898.0,12,True
G39C3,0.28818028079961266,0.2855138888888889,0.010665567642895057,0.002917627414209978,1651546699.0,11,True
G39C4,0.28359308319542975,0.28248333333333336,0.00443899944838555,-0.011857014174622815,1652372731.0,12,True
G3C1,0.28283798093117996,0.28224163888888887,0.002385368169164348,0.004019800716168476,1642613535.0,28,False
G3C2,0.2798289583371036,0.2798638611111111,-0.00013961109603011224,0.015648561865868604,1635385121.0,16,True
G3C3,0.2856303899779568,0.2847791388888889,0.003405004356271668,0.010702118704190466,1641298737.0,24,True
G3C4,0.28465976212189453,0.2840763888888889,0.0023334929320224518,0.010020233983520477,1635467457.0,16,True
G41C1,0.28296962042264867,0.2837875,-0.003271518309405419,-0.031016458700204197,1655278875.0,17,True
G41C2,0.2813952946422478,0.282599,-0.004814821431008864,-0.06477781987637377,1652834064.0,13,True
G41C3,0.28391488282326593,0.28413194444444445,-0.0008682464847140636,-0.054759189285173315,1653925247.0,15,True
G41C4,0.2833051123295591,0.2834333333333333,-0.0005128840150969705,-0.043622659953964416,1652984948.0,13,True
G45C1,0.2819715717795984,0.281208071111111,0.0030540026739496184,0.011587023990287326,1668756344.0,9,True
G45C2,0.2851130285307548,0.284418097777778,0.00277972301190732,0.006089947445337085,1667911746.0,8,True
G45C3,0.28364884437937316,0.283375413333333,0.0010937241841606493,0.006026867591802709,1668045038.0,9,True
G45C4,0.2844701320128041,0.284168906666667,0.001204901384548318,0.009690561223574479,1669450128.0,10,True
G46C1,0.284780549393778,0.284762062222222,7.39486862240124e-05,0.005149918586256241,1669369036.0,10,True
G46C2,0.28227798585596586,0.282240568888889,0.00014966786830750145,0.015936448798331337,1669611082.0,10,True
G46C3,0.2824215550962989,0.281786026666667,0.0025421137185275278,0.005604997243535248,1667310238.0,7,True
G46C4,0.28486422366255376,0.284471591111111,0.0015705302057711368,0.011748636525855893,1669039269.0,9,True
G48C1,0.28327382372763094,0.283717155555556,-0.0017733273117002124,0.0022401892435635062,1669571157.0,10,True
G48C2,0.28349180923762846,0.283483306666667,3.4010283845864464e-05,0.03343650893894923,1668677008.0,9,True
G48C3,0.2836325692922333,0.283817173333333,-0.0007384161643988474,0.018191557525145008,1670856287.0,12,True
G48C4,0.2786824027458687,0.279141368888889,-0.0018358645720812916,0.014312295549580467,1668236221.0,9,True
G51C1,0.2836633036201023,0.283621671111111,0.00016653003596522886,0.0025395776465468867,1670056251.0,11,True
G51C2,0.2832915690528407,0.28295344,0.0013525162113627864,0.03547367286270231,1671297428.0,13,True
G51C3,0.28521570392572737,0.284716462222222,0.0019969668140213948,0.023247598105551548,1669860446.0,11,True
G51C4,0.2827982470999676,0.282242204444444,0.002224170622094457,0.01298091243223154,1670606628.0,12,True
G52C1,0.284017301571749,0.2835958333333334,0.001685872953662404,-0.002520655859258092,1669487191.0,16,True
G52C2,0.2841918634343847,0.2832324722222222,0.0038375648486499436,-0.006961922698225154,1667418239.0,14,True
G52C3,0.28560540375206905,0.2849098611111111,0.0027821705638317873,-0.006048267595100798,1668061097.0,14,True
G52C4,0.28432775100307267,0.28250516666666664,0.0072903373456241205,-0.008508855870503984,1669533518.0,16,True
G53C1,0.2925933788993119,0.2839723333333333,0.034484182263914365,-0.021562669075892105,1661208381.0,5,True
G53C2,0.2929607776993991,0.2830166388888889,0.03977655524204082,-0.020071508576783748,1661684397.0,5,True
G53C3,0.295616240806831,0.28680833333333333,0.03523162989399076,-0.02814452378433141,1661542942.0,5,True
G53C4,0.28677739365780197,0.2835958333333334,0.012726241297874363,-0.010207856197225196,1665637266.0,11,True
G55C1,0.28358947698838144,0.2830020555555556,0.0023496857313034525,0.013335350008455649,1666143456.0,13,True
G55C2,0.2810531649455282,0.2803573611111111,0.0027832153376683433,0.018432868647717537,1666572181.0,12,True
G55C3,0.2793369115249725,0.27948655555555557,-0.0005985761223323838,0.004567185668316931,1666155356.0,12,True
G55C4,0.2841424826620042,0.2835083333333333,0.0025365973146835863,0.010661382262710628,1666236416.0,12,True
G56C1,0.2832320434817122,0.28269391666666666,0.002152507260182235,-0.025943466479677157,1672202649.0,20,True
G56C2,0.28248877205580053,0.2819875,0.0020050882232021117,-0.022539742954682973,1671176985.0,19,True
G56C3,0.28265598930412106,0.28267519444444444,-7.682056129354464e-05,0.002167469928763488,1668539782.0,15,True
G56C4,0.28377797650376385,0.28351944444444444,0.001034128237277665,-0.04783971235184192,1669324363.0,16,True
G5C1,0.28199095927064166,0.2816933888888889,0.0011902815270110612,-0.00405613313735409,1631966351.0,11,True
G5C2,0.2845946764446039,0.2842785,0.0012647057784156424,-0.0011623317668292277,1632285750.0,12,True
G5C3,0.2830733288628509,0.2816125,0.005843315451403708,0.004090833444124975,1634453261.0,15,True
G5C4,0.28716238588951953,0.2861761944444444,0.003944765780300452,0.004890410402495826,1629113917.0,8,True
G60C1,0.28431752960566015,0.283652942222222,0.0026583495337526575,0.0058599766397093855,1671498543.0,13,True
G60C2,0.28529193774454437,0.282105564444444,0.012745493200401414,0.09303984463938186,1670240943.0,11,True
G60C3,0.2810458237306087,0.280392604444444,0.002612877144658743,0.004241025400372411,1668541741.0,9,True
G60C4,0.2846461301886998,0.28407232,0.002295240754799144,0.0035249404903427983,1669400988.0,10,True
G61C2,0.28459224697244234,0.28335994444444446,0.004929210111991544,-0.0009900317322755203,1676112104.0,14,True
G61C3,0.2804274207976021,0.28016030555555554,0.0010684609681861357,0.019981976842537108,1672604668.0,9,True
G61C4,0.2809696442720161,0.2799138611111111,0.0042231326436199534,-0.007198028746311591,1675529141.0,13,True
G62C1,0.27952461399685713,0.27953211111111115,-2.9988457016072445e-05,0.03211773270816942,1670898090.0,15,False
G62C2,0.2837220201948058,0.2841039444444444,-0.0015276969985544842,0.009861311132416395,1674589410.0,12,True
G62C3,0.28061263634058525,0.27988880555555556,0.002895323140118755,0.011110928256167885,1674361565.0,12,True
G62C4,0.28478749105490986,0.28452894444444443,0.0010341864418617064,0.017818038306281148,1671918347.0,8,True
G63C1,0.2858078061816527,0.28208394444444446,0.014895446948832936,-0.02507910478453068,1672195268.0,8,True
G63C2,0.2851546710650752,0.28246944444444444,0.010740906482523016,-0.01133672483090975,1672309980.0,8,True
G63C3,0.2863419122578302,0.284275,0.008267649031320712,-0.026190120195755506,1674279599.0,11,True
G63C4,0.2854126965158264,0.2835111111111111,0.007606341618861201,-0.025571545981348143,1676645080.0,15,True
G64C1,0.2838800655903483,0.2835180277777778,0.0014481512502819704,0.0045979607866901695,1672104907.0,8,True
G64C2,0.280073732022396,0.27965972222222224,0.0016560392006950142,0.007903349387361702,1671485782.0,7,True
G64C3,0.28262044744045295,0.28146527777777774,0.004620678650700816,0.00212693784920992,1672908835.0,9,True
G64C4,0.2835107671386204,0.2820145,0.005985068554481554,-0.013829892993661996,1673763713.0,10,True
G8C1,0.2784721655231459,0.2788597222222222,-0.0015502267963052319,-0.048382849009681816,1631586448.0,11,True
G8C2,0.28166050636901807,0.28045555555555557,0.004819803253850008,-0.04069386652144047,1633399876.0,13,True
G8C3,0.28220378674906804,0.2818527777777778,0.0014040358851610257,-0.03666613264437091,1638925124.0,20,True
G8C4,0.28535860877008484,0.2841680555555556,0.004762212858117065,-0.038225471253959586,1637611385.0,19,True
G9C1,0.28265525001697,0.2802413888888889,0.009655444512324474,-0.019356826824671103,1627803933.0,6,True
G9C2,0.2874323830252228,0.28512136111111114,0.009244087656446576,-0.02207309063301266,1627624804.0,6,True
G9C4,0.2891013825896305,0.2850582777777778,0.01617241924741064,-0.013112709973719605,1626864559.0,5,True
