cell_id,runs,neg_runs,positions,rests,hits_0_10,exp_hits_0_10,neg_hits_0_10,hits_-11_-1,exp_hits_-11_-1,neg_hits_-11_-1,stratum
G14C1,0,0,417,4,0,44,0,0,44,0,S_partial
G16C1,0,1,536,12,0,132,0,0,132,0,S_full
G16C2,2,0,583,14,0,150,0,0,154,0,S_full
G17C1,0,2,1165,14,0,154,0,0,154,0,S_partial
G17C3,2,0,1266,17,1,187,0,0,187,0,S_partial
G17C4,1,0,1006,13,1,143,0,0,143,0,S_partial
G19C3,2,0,978,10,2,110,0,0,110,0,S_partial
G19C4,0,0,335,3,0,33,0,0,33,0,S_partial
G20C3,1,2,655,14,1,150,1,0,154,0,S_full
G20C4,0,0,655,15,0,156,0,0,165,0,S_full
G21C1,1,0,490,10,0,110,0,0,110,0,S_full
G21C2,0,0,782,16,0,170,0,0,176,0,S_full
G21C4,0,0,551,11,0,121,0,0,121,0,S_full
G22C1,0,0,505,10,0,110,0,0,110,0,S_full
G22C2,1,0,322,7,0,74,0,0,77,0,S_full
G22C3,1,1,538,11,0,112,1,0,121,0,S_full
G23C2,0,0,599,11,0,121,0,0,121,0,S_full
G24C2,1,1,624,11,0,121,0,0,121,0,S_full
G24C3,0,0,443,9,0,94,0,0,99,0,S_full
G24C4,0,0,460,9,0,90,0,0,99,0,S_full
G25C1,5,0,1299,12,5,132,0,0,132,0,S_partial
G25C2,5,1,1393,13,3,143,0,0,143,0,S_partial
G25C4,8,0,3085,27,8,297,0,0,297,0,S_partial
G27C1,9,4,2021,15,9,165,0,0,165,0,S_partial
G27C3,7,2,1336,11,7,121,0,0,121,0,S_partial
G27C4,2,1,1470,12,2,132,0,0,132,0,S_partial
G28C1,2,0,1055,8,2,88,0,0,88,0,S_partial
G28C3,1,0,1311,10,1,110,0,0,110,0,S_partial
G29C1,1,13,2127,11,1,121,0,0,121,3,S_partial
G29C2,2,18,3358,18,1,198,0,0,198,0,S_partial
G29C3,3,1,2674,14,3,154,0,0,154,0,S_partial
G29C4,2,1,2165,12,2,132,0,0,132,0,S_partial
G30C3,1,0,1252,17,0,187,0,0,187,0,S_partial
G30C4,1,0,632,9,1,99,0,0,99,0,S_partial
G31C1,3,0,1502,13,3,143,0,0,143,0,S_partial
G31C2,2,0,1125,10,1,110,0,0,110,0,S_partial
G31C3,1,1,1169,11,1,116,1,0,121,0,S_partial
G31C4,2,1,1030,9,2,99,0,0,99,0,S_partial
G35C1,1,0,733,14,0,154,0,0,154,0,S_full
G35C2,0,0,369,7,0,77,0,0,77,0,S_full
G35C3,0,0,529,10,0,110,0,0,110,0,S_full
G36C2,1,0,644,12,1,132,0,0,132,0,S_full
G36C3,0,0,628,12,0,123,0,0,132,0,S_full
G37C2,0,0,680,16,0,176,0,0,176,0,S_full
G37C4,0,1,493,12,0,132,0,0,122,0,S_full
G38C1,0,0,461,8,0,88,0,0,88,0,S_full
G38C2,0,0,418,8,0,88,0,0,88,0,S_full
G38C3,0,0,620,12,0,132,0,0,132,0,S_full
G39C1,1,0,564,11,0,121,0,1,121,0,S_full
G39C2,0,0,550,11,0,121,0,0,121,0,S_full
G39C4,1,0,585,11,0,121,0,0,121,0,S_full
G3C1,5,3,1555,24,2,264,1,0,264,1,S_partial
G3C3,4,4,1423,22,1,242,0,0,242,0,S_partial
G3C4,2,2,927,15,1,165,1,0,165,0,S_partial
G41C1,12,13,2512,15,10,165,0,0,165,2,S_partial
G41C2,6,1,2037,12,5,132,0,0,132,0,S_partial
G41C3,2,0,2149,13,2,143,0,0,143,0,S_partial
G41C4,3,0,1996,12,3,132,0,0,132,0,S_partial
G45C1,1,3,875,8,1,88,0,0,88,0,S_partial
G45C2,2,1,686,7,2,77,0,0,77,1,S_partial
G45C3,1,0,709,7,1,77,0,0,77,0,S_partial
G45C4,1,1,987,9,1,99,1,0,99,0,S_partial
G46C1,5,2,1155,9,2,99,0,0,99,0,S_partial
G46C2,3,0,1196,9,2,99,0,0,99,0,S_partial
G46C3,1,1,681,6,1,66,0,0,66,0,S_partial
G46C4,2,2,1108,8,2,88,1,0,88,0,S_partial
G48C1,4,0,1825,9,3,99,0,0,99,0,S_partial
G48C2,2,0,1521,8,1,88,0,0,88,0,S_partial
G48C3,3,0,2101,11,1,121,0,0,121,0,S_partial
G48C4,0,1,1375,7,0,77,0,0,77,0,S_partial
G51C1,4,3,1853,10,1,110,1,0,110,0,S_partial
G51C2,3,1,2195,11,2,121,0,0,121,0,S_partial
G51C3,3,0,1753,10,2,105,0,0,110,0,S_partial
G51C4,4,3,1920,10,2,110,0,0,110,0,S_partial
G52C2,4,1,1005,12,4,132,0,0,132,0,S_partial
G52C3,2,0,1162,13,2,143,0,0,143,0,S_partial
G52C4,4,0,1415,15,4,165,0,0,165,0,S_partial
G53C2,1,1,316,4,0,44,0,0,44,0,S_partial
G55C1,1,2,1548,11,1,114,1,0,121,0,S_partial
G55C3,1,4,1585,11,1,119,1,0,121,3,S_partial
G56C1,19,5,2653,19,16,209,0,0,209,2,S_partial
G56C2,11,5,2532,18,8,198,0,0,198,1,S_partial
G56C3,10,0,1985,14,8,154,0,0,154,0,S_partial
G56C4,12,3,2188,15,12,165,0,0,165,1,S_partial
G5C1,0,0,548,10,0,110,0,0,110,0,S_full
G5C3,2,1,705,14,1,154,1,0,154,0,S_full
G5C4,0,1,340,7,0,77,1,0,77,0,S_full
G60C2,5,2,828,10,3,110,0,0,110,0,S_partial
G60C3,1,0,547,8,1,88,0,0,88,0,S_partial
G61C2,8,3,2565,13,6,143,0,0,143,0,S_partial
G62C1,1,0,785,5,1,55,0,0,55,0,S_partial
G62C4,1,0,1090,7,1,67,0,0,77,0,S_partial
G63C2,3,0,939,7,3,77,0,0,77,0,S_partial
G63C3,4,0,1336,10,4,110,0,0,110,0,S_partial
G63C4,5,0,1859,13,5,143,0,0,143,0,S_partial
G64C1,0,0,609,7,0,77,0,0,77,0,S_partial
G64C3,2,0,746,8,2,88,0,0,88,0,S_partial
G64C4,1,0,857,9,0,99,0,0,99,0,S_partial
G8C1,0,1,861,10,0,110,0,0,110,0,S_partial
G8C3,3,2,1754,19,1,209,0,0,209,0,S_partial
G8C4,0,0,1541,18,0,198,0,0,198,0,S_partial
G9C2,1,0,323,5,0,55,0,0,55,0,S_full
