cell_id,charge_time,mean_discharge_voltage
G14C1,-11.352817614227524,0.1546932445069369
G16C1,73.58478624770028,-0.0389042657133476
G16C2,79.8153154370045,-0.03530283664245104
G17C1,0.16343050418584504,0.12537279374174037
G17C3,4.439325507246048,0.12427619449618188
G17C4,2.4711294989707415,0.12028996833046257
G19C3,-13.442973235375804,0.13677190239234172
G19C4,-9.351631204735972,0.14549964325982767
G20C3,34.00323616248082,0.00820389368033414
G20C4,39.25320715253157,-0.026576727239754128
G21C1,17.445059255478718,-0.01166517971632497
G21C2,18.916376045856133,-0.03592194760204648
G21C4,16.937972428759977,-0.024203138348724007
G22C1,9.43533550668671,-0.02022848293212398
G22C2,10.045303843258013,-0.00833592978017661
G22C3,10.596068418806633,-0.011676238732185151
G23C2,5.143259223386435,0.0007265465206618416
G24C2,1.2931786711060784,0.0034318907951886857
G24C3,6.230207883491799,-0.018301625458212012
G24C4,3.9508480785061355,0.0058859702675611025
G25C1,-19.138811668992318,0.16803272966842764
G25C2,-14.6019542152733,0.14900467963099162
G25C4,-16.55987086558048,0.17538858050534056
G27C1,4.095790915007088,-0.04168523631320609
G27C3,6.381373793639744,-0.008978444427878651
G27C4,8.606811484092878,-0.02718884992816406
G28C1,-12.734964538069304,-0.002708921146332255
G28C3,-10.722449252996944,-0.020243547097291703
G29C1,-20.05713962888911,0.06468064343218449
G29C2,-20.31457645796091,0.051449265362560004
G29C3,-20.188531464503292,0.0682791018239961
G29C4,-21.21584935228538,0.061639789140719436
G30C3,17.445679815484226,0.025271123834031073
G30C4,20.577788824133727,0.043540956050873714
G31C1,-6.343123805183923,0.06776004862921003
G31C2,-9.628487710601517,0.09547479463830388
G31C3,-9.426149702364382,0.09821585316707804
G31C4,-9.750894540603733,0.09649294790742857
G35C1,7.770372786453047,-0.03799827792462196
G35C2,5.500310533042972,0.00599896702714231
G35C3,6.20515302427763,-0.0019159470830087955
G36C2,-0.20420908499290924,-0.010581722836103369
G36C3,1.4267502207771958,-0.004658861527095937
G37C2,47.07294333774438,-0.0430446269680973
G37C4,47.68197268403903,-0.033006921263415645
G38C1,-0.16343050418584504,0.018754882134512485
G38C2,2.869249660600831,-0.003927749423227489
G38C3,9.469415745296311,-0.056291672165213136
G39C1,5.318018145099343,-0.02329722298615078
G39C2,7.523440479294893,-0.025274297398985235
G39C4,9.24429009265903,-0.002415369417507307
G3C1,30.775200348135726,0.12714349923213897
G3C3,34.94652850242595,0.1284279723500017
G3C4,40.301382115273164,0.12075595155045127
G41C1,-15.38045292604391,0.005266546695969598
G41C2,-18.766364427794933,0.01711008902966915
G41C3,-14.470875751659575,0.005379949447742227
G41C4,-15.993506826152183,0.006914799438643593
G45C1,1.7841130757217218,-0.03960098965708703
G45C2,3.7773581439005657,-0.03446153699130794
G45C3,2.848560682667122,-0.05275348576504735
G45C4,2.5330960268030527,-0.04310750832642096
G46C1,-4.803099369100378,-0.046868267046837
G46C2,-3.9967915841418726,-0.0380585532768023
G46C3,-3.5082483069524226,-0.043705836049225955
G46C4,-4.870990160550187,-0.039440935097756036
G48C1,-22.541243692776767,0.006515882098199199
G48C2,-23.75279063730865,-0.01881738166910818
G48C3,-23.31345951413511,0.014241323827223873
G48C4,-22.03496453806931,0.0052082920481510975
G51C1,-21.487574082639846,0.012718765864481618
G51C2,-22.01587976123124,-0.0007265465206618416
G51C3,-23.14730890349928,0.03593030929487684
G51C4,-22.45299917843058,0.021602390880894884
G52C2,7.924242533576178,0.02805302631642448
G52C3,-0.7446873861433456,0.031456677393414845
G52C4,-1.9720930445106841,0.0344677010808887
G53C2,3.036540485864892,0.023892923060059745
G55C1,-6.119665845097243,-0.02847198071747692
G55C3,-5.961447790943209,-0.018183457353811328
G56C1,-16.180177802281904,0.1381458734197183
G56C2,-18.518446980302286,0.1353794024118078
G56C3,-19.743557139360142,0.13059392078844878
G56C4,-18.76504271894966,0.13707264036978373
G5C1,26.10781588076123,-0.02865444017853558
G5C3,29.49785341397554,-0.05763904232755612
G5C4,25.290925479798325,-0.02693084333029394
G60C2,25.103901112363637,-0.055947341131755035
G60C3,32.04649810271894,-0.01969417262417128
G61C2,-23.536416656922512,0.045907072906187896
G62C1,-15.497700875773225,-0.0563973184114448
G62C4,-15.656401699278975,-0.046423331959055236
G63C2,-9.144975213152309,-0.024517002009921907
G63C3,-9.454994858863165,-0.022513526657854
G63C4,-9.70632198304999,-0.022238398589373487
G64C1,5.49734278633432,-0.10408030990911699
G64C3,5.662457581673758,-0.09198247103879087
G64C4,9.347000821569418,-0.09652419971945303
G8C1,-9.255782586330275,0.13387680418569348
G8C3,-10.160056614194035,0.13874501334306122
G8C4,-5.897736798724248,0.13827930969141988
G9C2,0.8291242483404222,0.012345862090295867
