cell_id,charge_time,mean_discharge_voltage,internal_resistance,temperature_mean
MATR_b1c1,2.8850205879704216,0.026664737878227207,0.0005522679276740092,-2.360524463039802
MATR_b1c11,0.931611974298983,-0.020459772686563404,-9.434976071894322e-05,-0.5584788144426298
MATR_b1c12,0.4331245397763812,0.015672581604553315,0.00016966363284796025,0.2190645050981388
MATR_b1c13,0.46122004271271067,-0.009038292705560336,0.0007583109789103485,-1.133209242728654
MATR_b1c18,0.2750652354006853,-0.018368405979868108,-0.0005059409876325832,-1.3013327493550761
MATR_b1c19,0.4233380581135773,-0.019327693628139464,4.948235025557628e-05,-0.3483259411425905
MATR_b1c20,-1.0834305204340495,0.010407240741978185,-0.0011808454280289853,-1.5308650480802086
MATR_b1c21,-1.0128946628645714,-0.0009331588823584536,-0.0012860030210896534,-0.4917479907473883
MATR_b1c22,0.7721913010320129,-0.0037098304434162177,0.0003176499789103466,-0.38408810378858504
MATR_b1c23,0.7130026734337385,0.01236877879335152,0.0005618475581021468,-1.221864920374081
MATR_b1c25,0.9383665012890319,-0.008389518580452782,0.0003971719789103486,0.7328125837793422
MATR_b1c27,0.5021593110195859,-0.0120687913568438,-9.813176028914891e-05,0.7650568332031824
MATR_b1c28,0.37407707180445726,-0.006239360897180912,0.00047512247891034684,0.7730506218399498
MATR_b1c29,0.19903113226182612,0.00812213494700842,0.00033912797891034845,-0.5371077724418569
MATR_b1c30,0.056365068521232686,-0.012751940566394504,-0.00023561252108965196,0.3320088672848094
MATR_b1c31,0.21722268164394265,0.01611213008752843,0.0006318925357436719,-3.2200740610826326
MATR_b1c32,-0.22257879006017944,-0.020611748072635994,-0.0001016450210896535,-0.23836874544754494
MATR_b1c33,0.17491883419908127,-0.014679810319739417,0.0001392204789103478,0.38603411696454515
MATR_b1c34,0.8978367769571314,0.0,0.0005069571855721416,-0.5709276261767862
MATR_b1c35,0.9353037101652895,-0.030245006021644816,0.0007403599789103463,-1.0933402527905258
MATR_b1c37,1.4817202684293882,-0.020821554994042923,0.0003118393180299526,-0.3328572044912903
MATR_b1c38,-0.5275546923680956,-0.04226197134208709,0.0,0.6132437915300812
MATR_b1c39,-0.11661022682277,-0.029633563570661714,0.000506869978910347,0.32605172241199654
MATR_b1c4,1.6145558041458266,0.04186212801147904,0.000303306495378991,-2.519892647579738
MATR_b1c40,1.6125538521372818,-0.010087188324946705,0.0005531951523591091,0.1312576883936991
MATR_b1c42,0.6303219455128684,-0.015134277646513539,0.0005351549789103464,0.46983942821207236
MATR_b1c43,0.5239631885889082,-0.025721529036511814,-0.00015401352108965205,0.13114759914353868
MATR_b1c5,0.633864438542961,0.014316456884163609,-0.0002290103905123065,-2.2442992186560424
MATR_b1c9,0.9114464252269947,0.012299817954888326,0.0006814129789103462,-0.7161176046013686
MATR_b2c0,2.522826910119271,-0.04831100251187803,0.0011941641434659624,-3.9561908350954944
MATR_b2c10,0.7736077634445007,0.021075148221879392,0.0012375579789103471,0.017729929338571537
MATR_b2c11,0.5924941189942103,-0.0036245056045287605,0.0007506181452551688,-0.24210484809152177
MATR_b2c17,0.8837024880386561,-0.034476031471059265,0.0012168370245216296,-2.2791171875378176
MATR_b2c18,1.5845605320507374,-0.032271017859357265,0.0009565964249957527,-0.9129454534667758
MATR_b2c19,1.3985808673776692,-0.01927947213879988,0.0005537229572083555,-1.8103830327336041
MATR_b2c2,0.7742249558936898,-0.039954318023422086,0.001273568978910346,-0.802437032381242
MATR_b2c20,0.7004209348372328,-0.010544383298812354,0.0009231799789103483,-0.9722300025489652
MATR_b2c21,1.263855590802315,-0.03173514531287891,0.0010104083444130354,-2.862349610561669
MATR_b2c22,0.8339248136805129,-0.030183792919464825,0.0007084709705420279,-1.894211203270718
MATR_b2c24,0.5234239601383912,-0.027165580825335045,0.0008465415039849381,-4.000896530795298
MATR_b2c25,1.079626312352417,-0.03966751315180739,0.0007690716635863713,-4.744334856147816
MATR_b2c27,0.6561945604040389,-0.034397187714906075,0.0009310535701823608,-1.6070483936429945
MATR_b2c28,0.17703661210461163,-0.011966921013252918,0.0006476899789103468,-0.3316051017672308
MATR_b2c29,-0.053085093296861174,-0.03658883486555231,0.0008885454354652482,0.3131425121238678
MATR_b2c30,0.4949094260197473,-0.03993570113155265,0.0010589738920201448,-1.169169991197876
MATR_b2c32,0.0036773500453435304,-0.03243185082187505,0.0013260258811721923,0.0
MATR_b2c34,0.06320084850795737,0.005929181188036203,0.0012470325138809694,0.08400521200221789
MATR_b2c35,0.6162979264926651,-0.041213452844917065,0.0006687258953390167,0.2173860340886975
MATR_b2c36,0.23765915317512665,-0.044245115731933904,0.004008005937985153,0.23848706097329142
MATR_b2c37,-0.058370673271539886,-0.05236374833508095,0.0023147126980271413,-1.3815301071755748
MATR_b2c38,0.12725335165853124,-0.05018917715732085,0.0013994759824729319,-1.183431164096806
MATR_b2c39,-0.06628539882436968,-0.05216471349312446,0.0018891089360512769,-1.1749388092853223
MATR_b2c41,0.11151080009291192,-0.012001581417453,0.0013804509789103487,-0.3545716258945717
MATR_b2c42,0.269752965962752,-0.04487583424797581,0.0009403886734401599,-0.08482871232909872
MATR_b2c44,0.0,-0.0589638914705346,0.0015646810209306965,-0.13999987601355812
MATR_b2c45,0.47844219225672724,-0.017351595625075822,0.0005738639789103477,-0.8254503870271677
MATR_b2c47,-0.8496520402513337,0.029395870627586085,0.00042711345358426543,-1.488782518638871
MATR_b2c6,-0.1244974360181974,0.03709550669333339,-0.00027982580405457556,-1.3076858376232465
MATR_b3c1,-5.09139491401257,0.0891395223028304,-0.0014419130210896521,1.9101512812316273
MATR_b3c10,-3.4602916173545566,0.03806855734188508,-0.0011665510210896526,-0.5272291933237412
MATR_b3c11,-3.3968724109059565,0.007499640871491575,-0.0010926836111470033,1.3022278055081031
MATR_b3c12,-3.506129060324632,-0.003616800316889268,-0.0004303232103631052,0.2938463889507261
MATR_b3c13,-3.4293167539609115,0.020912977332980365,-0.0016087543921758044,1.2392530796715846
MATR_b3c14,-3.189083115485989,-0.001644744027720968,-0.001044223021089653,0.23892705634223432
MATR_b3c16,-4.908267352105035,0.1275197491443958,-0.0012526703428504433,1.8509811078221077
MATR_b3c17,-6.016950163775224,0.12643711926668,-0.0010374939168059354,2.021266871094049
MATR_b3c18,-5.521708996078708,0.11727235648511991,-0.0015201974184323452,2.4391252891874373
MATR_b3c2,-6.113958986779451,0.11451980736173262,-0.0019073393945791238,4.4415150620675234
MATR_b3c20,-3.870969978391699,0.01674254230073635,-0.0011947910210896532,0.2130947907486842
MATR_b3c22,-5.797424930348614,0.06231126473902293,-0.0007766525210896515,1.8608056006325064
MATR_b3c23,-4.564823476585499,0.14309202946943822,-0.001273231467480599,1.1409669319040532
MATR_b3c24,-5.16966176110456,0.03009586246806739,-0.0009422292213279813,1.921517596503044
MATR_b3c25,-4.791615283467193,0.03855728391881197,-0.0008022935210896531,2.9373230389993346
MATR_b3c26,-4.394206832049921,0.05461290142516306,-0.000866081021089652,3.1632191286799696
MATR_b3c27,-4.502682076685474,0.035456995809178604,-0.001589038670355685,2.5615936108443833
MATR_b3c28,-4.181040838137999,0.04317440252547056,-0.002808685933787798,3.0128872214651814
MATR_b3c29,-3.6626043760185,0.029307753680767767,-0.0019166796621223336,-1.8838774665057159
MATR_b3c3,-5.729458632457007,0.09421358522047685,-0.0014804488561330391,3.429802504068718
MATR_b3c30,-4.151528488898212,0.030258359731898832,-0.0009105645210896523,-0.8196136986380118
MATR_b3c31,-3.622833943471962,-0.005033278280552889,-0.0005212005210896535,1.1566586280272944
MATR_b3c32,-5.378168980266633,0.18215408351141882,-0.001268612551495193,2.720357749752715
MATR_b3c34,-5.884226275016438,0.1199440565463914,-0.0011407302836728365,2.902005326058628
MATR_b3c35,-5.950705782250921,0.11311217065989565,-0.0011550026890675674,2.7558079264573507
MATR_b3c36,-5.551103955177467,0.09967623590144226,-0.0013650899138627215,3.1037412014169874
MATR_b3c38,-6.103133309816709,0.1394102905039203,-0.0006147830210896533,1.7992130370840407
MATR_b3c39,-6.671289980807963,0.1301495850176,-0.0009396406343286975,0.7297933571558417
MATR_b3c4,-4.7703449414389105,0.09047530699800133,-0.0013733100210896534,-1.0042566976559044
MATR_b3c42,-3.812944456876423,0.046055321182033815,-0.0005853630056082745,0.3321795751288832
MATR_b3c43,-4.13186951100689,0.020063859848235666,-0.0007377370809016678,1.3234314103811116
MATR_b3c44,-3.764672778250194,0.00884060355639793,-0.0009003260210896525,0.462434315391306
MATR_b3c45,-4.524904452143868,0.11912683650438782,-0.0008914330210896531,-0.33927870200544774
MATR_b3c5,-5.377454388687653,0.05742680878714612,-0.0014608333772843513,3.109062368162867
MATR_b3c6,-4.857299432602407,0.08798099817366722,-0.0026837759629417778,1.0555943147227111
MATR_b3c7,-3.8066712680922485,0.06388093214165869,-0.0010045630781201319,-0.32117536316955153
MATR_b3c8,-3.860425472353466,0.02099027229764605,-0.001392413021089653,0.31595413668153327
