dataset,cell_id,a_n_pos,a_n_neg,a_early50,a_long,a_amp_abs_mAh_median,a_dur_median,b_n_pos,b_n_neg,b_early50,b_long,b_amp_abs_mAh_median,b_dur_median,c_n_pos,c_n_neg,c_early50,c_long,c_amp_abs_mAh_median,c_dur_median,reaches_eol,a_recall,a_amp_ratio_median,a_extra,b_recall,b_amp_ratio_median,b_extra,c_recall,c_amp_ratio_median,c_extra
MATR,MATR_b1c0,0,25,0,0,21.585603142877556,2.0,0,25,0,0,21.723705975513063,2.0,0,25,0,0,21.723705975513063,2.0,True,1.0,0.95874735257677,-3.0,1.0,0.9554253905593422,-3.0,1.0,0.9554253905593422,-3.0
MATR,MATR_b1c1,9,7,1,1,4.320093731907733,3.0,8,7,0,1,4.2756246047279625,2.0,8,6,0,0,4.244787366603954,2.0,True,0.8,0.9778643065927164,0.0,0.8,1.0073389625246025,0.0,0.8,1.0073389625246025,0.0
MATR,MATR_b1c10,0,3,2,0,8.165004554430238,7.0,2,2,1,0,2.465055276054204,3.5,2,2,1,0,2.465055276054204,3.5,False,1.0,0.9380664736683123,0.0,1.0,0.9344919606941371,0.0,1.0,0.9344919606941371,0.0
MATR,MATR_b1c11,3,3,2,0,3.559291983941121,5.0,4,7,1,3,2.212540264607683,3.0,3,5,0,0,2.0783653611546193,2.0,True,0.8,0.8903513384058936,-4.0,1.0,0.9357707311048964,-1.0,1.0,0.9357707311048964,2.0
MATR,MATR_b1c12,2,3,1,1,2.6491496059205235,3.0,4,3,1,0,1.9262958804132388,5.0,4,3,1,0,1.9262958804132388,5.0,False,1.0,0.7705339622505186,-1.0,1.0,0.7890659129705101,0.0,1.0,0.7890659129705101,0.0
MATR,MATR_b1c13,0,1,1,0,6.996491801771255,9.0,1,0,0,0,2.9399347909687004,2.0,1,0,0,0,2.9399347909687004,2.0,False,1.0,0.8607530970020082,0.0,1.0,0.8440118200747493,-1.0,1.0,0.8440118200747493,-1.0
MATR,MATR_b1c14,0,1,1,1,9.077506041025439,17.0,0,1,1,0,4.536094760897354,10.0,0,1,1,0,4.536094760897354,10.0,True,1.0,1.0014592711023182,0.0,1.0,0.9834019965561615,0.0,1.0,0.9834019965561615,0.0
MATR,MATR_b1c15,0,2,2,0,9.056000841819477,6.5,2,1,1,0,3.3076994106914714,3.0,2,1,1,0,3.3076994106914714,3.0,True,1.0,0.9550436548135621,0.0,1.0,0.927127493686157,-1.0,1.0,0.927127493686157,-2.0
MATR,MATR_b1c16,0,1,1,1,8.709346615521937,18.0,1,1,1,0,3.456121808971164,4.5,1,1,1,0,3.456121808971164,4.5,True,0.8,1.04269584055673,1.0,1.0,1.0315305436900326,-1.0,1.0,1.0315305436900326,-1.0
MATR,MATR_b1c17,6,2,1,1,3.415809323410078,3.0,4,2,1,0,3.254144920219559,2.0,4,2,1,0,3.254144920219559,2.0,True,1.0,0.9847565722647229,-1.0,1.0,0.9412730477276515,-5.0,1.0,0.9412730477276515,-5.0
MATR,MATR_b1c18,1,1,1,0,5.919393010790541,6.0,1,0,0,0,4.0578919638472515,2.0,1,0,0,0,4.0578919638472515,2.0,True,1.0,0.9819787028045341,0.0,1.0,0.9140978398032718,0.0,1.0,0.9140978398032718,0.0
MATR,MATR_b1c19,0,2,1,0,5.9632777669864705,6.0,0,2,1,0,3.8663119139343656,5.0,0,2,1,0,3.8663119139343656,5.0,True,1.0,0.8894406256940616,-1.0,1.0,0.9046695377245336,-1.0,1.0,0.9046695377245336,-1.0
MATR,MATR_b1c2,0,8,1,1,5.656159975573115,3.5,0,6,0,1,5.5844166124243095,2.5,0,5,0,0,5.533273822971102,2.0,True,1.0,0.8714285784167999,-2.0,1.0,0.8734305205434398,-1.0,1.0,0.8734305205434398,-1.0
MATR,MATR_b1c20,0,2,2,0,10.299743030601611,5.5,0,1,1,1,11.853907474661991,13.0,0,0,0,0,,,True,1.0,0.9145901535856,-1.0,1.0,0.9155032218155413,0.0,1.0,0.9155032218155413,1.0
MATR,MATR_b1c21,0,3,2,0,8.817124059622534,7.0,0,2,1,1,8.022011379569339,10.0,0,1,0,0,4.528112295596462,4.0,True,1.0,0.9319209171379326,0.0,1.0,0.9246342223432997,0.0,1.0,0.9246342223432997,0.0
MATR,MATR_b1c22,0,1,1,0,5.761687319082616,6.0,0,0,0,0,,,0,0,0,0,,,False,0.8,1.0678306847960068,0.0,0.8,1.0641176834060437,0.0,0.8,1.0641176834060437,0.0
MATR,MATR_b1c23,0,1,1,0,5.636840448330006,4.0,0,0,0,0,,,0,0,0,0,,,True,1.0,0.881628504238696,0.0,1.0,0.8903450097687063,0.0,1.0,0.8903450097687063,0.0
MATR,MATR_b1c24,0,3,1,0,5.043310298373808,2.0,0,3,1,0,4.134117550251456,2.0,0,3,1,0,4.134117550251456,2.0,True,1.0,0.8310923445283956,1.0,1.0,0.8320979467529747,1.0,1.0,0.8320979467529747,1.0
MATR,MATR_b1c25,0,3,1,0,3.526939938815385,6.0,0,4,1,0,2.50879102612488,3.0,0,4,1,0,2.50879102612488,3.0,True,1.0,0.860945433565983,0.0,1.0,0.8837636801353255,3.0,1.0,0.8837636801353255,3.0
MATR,MATR_b1c26,6,4,1,0,2.1893330128093824,3.0,8,4,1,0,2.069251583525328,2.5,8,4,1,0,2.069251583525328,2.5,True,0.8,0.9736525767207715,-3.0,0.8,0.97556113114439,-4.0,0.8,0.97556113114439,-4.0
MATR,MATR_b1c27,0,2,1,0,4.523271413784904,7.0,2,3,1,0,1.7033287149770373,2.0,2,3,1,0,1.7033287149770373,2.0,True,1.0,0.9984943398032384,0.0,1.0,1.0084964483247114,-3.0,1.0,1.0084964483247114,-3.0
MATR,MATR_b1c28,0,2,1,0,4.8936300402021145,4.5,0,1,0,0,3.1993875799797826,2.0,0,1,0,0,3.1993875799797826,2.0,True,1.0,0.9291833462833634,0.0,1.0,0.962313479901709,0.0,1.0,0.962313479901709,0.0
MATR,MATR_b1c29,0,2,1,1,5.166315037969845,9.5,0,2,1,0,3.05467407524711,5.5,0,2,1,0,3.05467407524711,5.5,True,1.0,0.75623446606809,0.0,1.0,0.7059381902228423,0.0,1.0,0.7059381902228423,0.0
MATR,MATR_b1c3,4,4,1,3,4.587136317409306,4.0,5,5,1,3,3.9295892956614873,2.5,4,3,0,0,3.5978739885634017,2.0,True,0.6,0.7055308258923148,2.0,0.8,0.7117103847365314,1.0,0.8,0.7117103847365314,1.0
MATR,MATR_b1c30,0,1,1,0,6.3797308143870906,8.0,1,1,0,0,2.698050530167558,3.0,1,1,0,0,2.698050530167558,3.0,True,1.0,0.9318784466717929,0.0,1.0,0.9306406286112876,0.0,1.0,0.9306406286112876,0.0
MATR,MATR_b1c31,3,2,1,0,2.5423541001359338,3.0,3,1,0,0,2.4314455686529564,2.0,3,1,0,0,2.4314455686529564,2.0,True,0.8,0.9668100906037185,2.0,0.8,0.9647399572268085,0.0,0.8,0.9647399572268085,0.0
MATR,MATR_b1c32,0,1,1,0,6.475950702685201,5.0,0,0,0,0,,,0,0,0,0,,,True,1.0,0.900064102654474,0.0,1.0,0.9309085173631071,0.0,1.0,0.9309085173631071,0.0
MATR,MATR_b1c33,3,2,1,0,3.9982300294213604,3.0,3,1,0,0,3.125533583349718,4.5,3,1,0,0,3.125533583349718,4.5,True,1.0,0.9448020118649084,0.0,1.0,0.951653703633221,1.0,1.0,0.951653703633221,1.0
MATR,MATR_b1c34,1,1,1,0,5.414240777392706,7.0,1,1,1,0,3.4567777598422094,4.0,1,1,1,0,3.4567777598422094,4.0,True,1.0,0.9387057816666768,0.0,1.0,0.9562723444226365,-1.0,1.0,0.9562723444226365,-1.0
MATR,MATR_b1c35,0,1,1,0,6.130562503032623,8.0,0,1,1,0,2.460345470433652,3.0,0,1,1,0,2.460345470433652,3.0,True,1.0,0.8718376763212438,0.0,1.0,0.8765379131796395,-1.0,1.0,0.8765379131796395,-1.0
HUST,HUST_1-1,2,0,2,1,5.0882586799042,16.0,2,0,2,1,5.0882586799042,16.0,1,0,1,0,2.212707554009353,2.0,True,1.0,0.994768609295851,0.0,1.0,0.994768609295851,0.0,1.0,0.994768609295851,0.0
HUST,HUST_1-2,1,0,1,0,9.836291554817933,11.0,1,0,1,0,9.836291554817933,11.0,1,0,1,0,9.836291554817933,11.0,True,1.0,0.7886759772976478,0.0,1.0,0.7886759772976478,0.0,1.0,0.7886759772976478,0.0
HUST,HUST_1-3,3,1,1,2,3.4708982508537707,13.0,1,1,1,0,3.8027355117057486,5.0,1,1,1,0,3.8027355117057486,5.0,True,1.0,1.0967453896884114,0.0,1.0,1.101679833752418,0.0,1.0,1.101679833752418,0.0
HUST,HUST_1-4,2,1,1,2,4.228654382649715,12.0,4,1,1,2,2.9060137322325317,2.0,3,0,0,0,2.8832709795145073,2.0,True,1.0,0.9817172834391658,-1.0,1.0,1.0281715368685167,-2.0,1.0,1.0281715368685167,-2.0
HUST,HUST_1-5,2,1,1,2,4.7863757010801855,18.0,0,2,1,0,4.354042829615239,5.0,0,2,1,0,4.354042829615239,5.0,True,1.0,0.8936456795905575,0.0,1.0,1.045953043342616,0.0,1.0,1.045953043342616,0.0
HUST,HUST_1-6,1,0,1,1,13.577475368136067,27.0,1,0,1,1,13.577475368136067,27.0,0,0,0,0,,,True,1.0,0.8871458354473044,0.0,1.0,0.8871458354473044,0.0,1.0,0.8871458354473044,0.0
HUST,HUST_1-7,2,0,2,1,5.288897566813302,14.5,2,0,2,1,5.288897566813302,14.5,1,0,1,0,2.303740895861584,5.0,True,1.0,1.0346970986654234,0.0,1.0,1.0346970986654234,0.0,1.0,1.0346970986654234,0.0
HUST,HUST_1-8,2,0,1,1,5.393565474667671,15.5,2,0,1,1,5.393565474667671,15.5,1,0,0,0,2.7667297869863248,10.0,True,1.0,1.0246117613609587,2.0,1.0,1.0246117613609587,2.0,1.0,1.0246117613609587,2.0
HUST,HUST_10-1,2,0,2,1,4.634400379918026,13.0,2,0,2,1,4.634400379918026,13.0,1,0,1,0,2.1401657781591514,2.0,True,0.8,0.9917242159484514,0.0,0.8,0.9917242159484514,0.0,0.8,0.9917242159484514,0.0
HUST,HUST_10-2,1,1,2,1,9.3352227755266,33.5,1,0,1,1,4.040165145606522,53.0,0,0,0,0,,,True,1.0,1.0086204267292185,0.0,1.0,1.0072756513970802,1.0,1.0,1.0072756513970802,1.0
HUST,HUST_10-3,2,16,1,2,1.5816890365274716,6.0,2,16,1,2,1.5816890365274716,6.0,1,15,0,0,1.5690436689935858,5.5,True,1.0,0.8482626534337236,-2.0,1.0,0.8482626534337236,-2.0,1.0,0.8482626534337236,-3.0
HUST,HUST_10-4,2,1,1,2,3.8007149694356634,19.0,5,0,0,1,1.9706534459043756,2.0,4,0,0,0,1.9430998550919754,2.0,True,1.0,0.8210307994312485,1.0,1.0,0.8572822237727481,-2.0,1.0,0.8572822237727481,-2.0
HUST,HUST_10-5,2,1,1,2,4.481103843932155,16.0,2,0,0,1,2.9041217964159194,27.5,1,0,0,0,2.17910954286171,3.0,True,1.0,0.8783224687548808,0.0,0.8,0.8935885803583186,0.0,0.8,0.8935885803583186,0.0
HUST,HUST_10-6,2,0,2,1,5.77223318343808,12.5,2,0,2,1,5.77223318343808,12.5,1,0,1,0,2.696595051726052,2.0,True,1.0,1.003247631793072,0.0,1.0,1.003247631793072,0.0,1.0,1.003247631793072,0.0
HUST,HUST_10-7,2,1,2,2,4.466653824066297,18.0,3,2,1,1,1.6882671904728765,4.0,2,2,0,0,1.6697914269250338,4.0,True,1.0,1.0118119501035978,0.0,1.0,0.9499233756131843,-1.0,1.0,0.9499233756131843,-1.0
HUST,HUST_10-8,2,13,2,2,1.8669634807477207,4.0,2,13,2,2,1.8669634807477207,4.0,1,12,1,0,1.8616372865048714,4.0,True,1.0,0.9618808789685921,-2.0,1.0,0.9618808789685921,-2.0,1.0,0.9618808789685921,-2.0
HUST,HUST_2-2,1,14,1,4,2.204400278222474,5.0,1,14,1,4,2.204400278222474,5.0,0,11,0,0,2.1620439673276435,4.0,True,0.8,0.9612396757010275,0.0,0.8,0.9612396757010275,0.0,0.8,0.9612396757010275,1.0
HUST,HUST_2-3,1,1,1,1,14.169260914089358,16.5,0,1,1,0,5.804414967448342,6.0,0,1,1,0,5.804414967448342,6.0,True,1.0,0.7594184559469893,0.0,1.0,0.8057416958812116,1.0,1.0,0.8057416958812116,0.0
HUST,HUST_2-4,1,14,1,1,1.920044092065116,5.0,1,14,1,1,1.920044092065116,5.0,0,14,0,0,1.91591899986835,4.5,True,1.0,0.8523061222795059,0.0,1.0,0.8523061222795059,0.0,1.0,0.8523061222795059,0.0
HUST,HUST_2-5,4,1,1,2,1.269962252954759,3.0,6,1,3,2,1.259996593784362,7.0,5,0,2,0,1.1570821925778958,4.0,True,1.0,1.0134347783643713,-2.0,1.0,1.0634086219272574,1.0,1.0,1.0634086219272574,1.0
HUST,HUST_2-6,4,1,2,1,2.8142860672414387,2.0,0,1,1,0,4.522006426718252,4.0,0,1,1,0,4.522006426718252,4.0,True,1.0,0.8227512465617763,-1.0,1.0,0.8321648407528655,0.0,1.0,0.8321648407528655,0.0
HUST,HUST_2-7,2,23,1,3,2.0313750446105074,4.0,2,20,0,2,2.269426601750844,4.0,1,19,0,0,2.255659166683315,4.0,True,1.0,0.9995310943413408,-4.0,1.0,0.9659031771657312,-3.0,1.0,0.9659031771657312,-3.0
HUST,HUST_2-8,1,0,1,0,7.209153615675437,11.0,1,0,1,0,7.209153615675437,11.0,1,0,1,0,7.209153615675437,11.0,True,1.0,0.8445370387016733,-1.0,1.0,0.8403637667410094,-1.0,1.0,0.8403637667410094,-1.0
HUST,HUST_3-1,2,1,1,2,4.053664576367131,14.0,0,0,0,0,,,0,0,0,0,,,True,1.0,0.8984166903947942,0.0,1.0,0.9258143624343911,0.0,1.0,0.9258143624343911,0.0
HUST,HUST_3-2,2,1,2,2,5.120926687006257,12.0,1,0,1,1,4.576780695498492,60.0,0,0,0,0,,,True,1.0,0.9828253559721435,0.0,0.8,0.9862570927804379,0.0,0.8,0.9862570927804379,0.0
HUST,HUST_3-3,3,1,1,2,2.939159072459449,10.0,4,0,1,0,2.5264567354664447,5.0,4,0,1,0,2.5264567354664447,5.0,True,1.0,0.9082684113915515,0.0,0.8,0.9566635927162557,0.0,0.8,0.9566635927162557,0.0
HUST,HUST_3-4,2,1,2,2,3.871023902835013,13.0,2,1,2,2,3.871023902835013,13.0,1,0,1,0,2.8203843659617265,4.0,True,1.0,1.0871960637985443,0.0,1.0,1.0871960637985443,0.0,1.0,1.0871960637985443,0.0
HUST,HUST_3-5,3,0,1,1,4.52214148296068,2.0,3,0,1,1,4.52214148296068,2.0,2,0,0,0,4.4696993642983704,2.0,True,1.0,1.0362301855066547,0.0,1.0,1.0362301855066547,0.0,1.0,1.0362301855066547,0.0
HUST,HUST_3-6,2,1,1,2,5.0544752504231525,13.0,2,0,0,1,3.598037062494946,29.0,1,0,0,0,2.6812228883533304,3.0,True,1.0,1.045609285756636,0.0,1.0,1.0420057486154979,0.0,1.0,1.0420057486154979,0.0
HUST,HUST_3-7,1,0,1,1,7.155504328760796,12.0,1,0,1,1,7.155504328760796,12.0,0,0,0,0,,,True,1.0,0.9613428526763105,1.0,1.0,0.9613428526763105,1.0,1.0,0.9613428526763105,2.0
NASA_PCoE,NASA_B0005,1,0,1,0,35.174640275135765,2.0,1,0,1,0,35.174640275135765,2.0,1,0,1,0,35.174640275135765,2.0,True,,,,,,,,,
NASA_PCoE,NASA_B0006,1,0,1,0,79.35754678846774,2.0,1,0,1,0,79.35754678846774,2.0,1,0,1,0,79.35754678846774,2.0,True,,,,,,,,,
NASA_PCoE,NASA_B0007,1,0,1,0,28.47684206063659,2.0,1,0,1,0,28.47684206063659,2.0,1,0,1,0,28.47684206063659,2.0,True,0.6,1.0843837393433005,-1.0,0.6,1.0843837393433005,-1.0,0.6,1.0843837393433005,-1.0
NASA_PCoE,NASA_B0018,1,0,1,0,83.73723935572359,3.0,1,0,1,0,83.73723935572359,3.0,1,0,1,0,83.73723935572359,3.0,True,,,,,,,,,
NASA_PCoE,NASA_B0030,0,0,0,0,,,0,0,0,0,,,0,0,0,0,,,True,,,,,,,,,
NASA_PCoE,NASA_B0033,5,2,1,1,143.37207834256355,4.0,1,1,0,1,653.7893352808326,11.0,0,1,0,0,1059.0285390518613,9.0,False,0.8,1.1254953069272153,-3.0,0.6,1.2259816533070684,-1.0,0.6,1.2259816533070684,0.0
NASA_PCoE,NASA_B0034,3,0,1,0,139.12769825078692,2.0,3,0,1,0,139.12769825078692,2.0,3,0,1,0,139.12769825078692,2.0,False,1.0,0.9785525203335278,-2.0,1.0,0.9785525203335278,-2.0,1.0,0.9785525203335278,-2.0
NASA_PCoE,NASA_B0036,2,1,0,0,35.56221543419087,2.0,2,1,0,0,35.56221543419087,2.0,2,1,0,0,35.56221543419087,2.0,True,1.0,0.7720870737326446,-2.0,1.0,0.7720870737326446,-2.0,1.0,0.7720870737326446,-2.0
NASA_PCoE,NASA_B0038,0,0,0,0,,,1,0,1,0,64.07014378392292,3.0,1,0,1,0,64.07014378392292,3.0,True,,,,,,,,,
NASA_PCoE,NASA_B0041,0,0,0,0,,,1,0,1,0,650.9952153156663,2.0,1,0,1,0,650.9952153156663,2.0,False,,,,,,,,,
NASA_PCoE,NASA_B0042,1,0,1,0,24.728071950321276,3.0,1,0,1,0,24.728071950321276,3.0,1,0,1,0,24.728071950321276,3.0,True,,,,,,,,,
NASA_PCoE,NASA_B0043,0,0,0,0,,,0,0,0,0,,,0,0,0,0,,,True,,,,,,,,,
NASA_PCoE,NASA_B0044,0,0,0,0,,,0,0,0,0,,,0,0,0,0,,,False,0.2,0.828679902115434,0.0,0.0,,0.0,0.0,,0.0
NASA_PCoE,NASA_B0045,1,0,1,0,38.71594713140067,2.0,1,0,1,0,38.71594713140067,2.0,1,0,1,0,38.71594713140067,2.0,False,,,,,,,,,
NASA_PCoE,NASA_B0046,0,0,0,0,,,0,0,0,0,,,0,0,0,0,,,False,,,,,,,,,
NASA_PCoE,NASA_B0047,0,0,0,0,,,0,0,0,0,,,0,0,0,0,,,False,,,,,,,,,
NASA_PCoE,NASA_B0048,0,0,0,0,,,0,0,0,0,,,0,0,0,0,,,False,,,,,,,,,
NASA_PCoE,NASA_B0053,1,0,1,0,85.31896052997675,2.0,1,0,1,0,85.37999032651616,2.0,1,0,1,0,85.37999032651616,2.0,False,,,,,,,,,
NASA_PCoE,NASA_B0054,1,0,1,0,95.14620332900665,3.0,1,0,1,0,95.14620332900665,3.0,1,0,1,0,95.14620332900665,3.0,False,0.4,1.3685214334646856,-1.0,0.4,1.3685214334646856,-1.0,0.4,1.3685214334646856,-1.0
NASA_PCoE,NASA_B0055,2,0,1,0,113.18831130338475,2.5,3,0,2,0,74.52823857488083,2.0,3,0,2,0,74.52823857488083,2.0,False,0.8,0.9128690777532888,-1.0,0.8,0.9109510931209903,-3.0,0.8,0.9109510931209903,-3.0
NASA_PCoE,NASA_B0056,1,0,0,0,132.0070097826131,2.0,1,0,0,0,132.0070097826131,2.0,1,0,0,0,132.0070097826131,2.0,False,1.0,1.0816328740378796,0.0,1.0,1.0816328740378796,0.0,1.0,1.0816328740378796,0.0
