cell_id,reaches_eol,T,t1,n_kept,q1,denominator,T_from_record_end,family_params,family_at_bound,rmse_power_law,rmse_two_term_exponential,rmse_rollover,cv_rmse_power_law,cv_rmse_two_term_exponential,cv_rmse_rollover,residual_scale_Ah,residual_mean_over_scale,n_positive,n_negative,fit_positions
MATR_b1c1,True,2158.0,14,2158,1.082415053379957,0.2024150533799569,True,"[1.0029000941409623, -0.031608493008071746, -0.000180290750518414, 3.0350977854206374]",[],0.006155456484520186,0.0018342556998266152,0.0017633553693111215,0.01693786931590458,0.007437774968992394,0.008212189362918294,0.0014933413754719955,-3.739947317678578e-06,4,2,2145
MATR_b1c11,True,786.0,20,786,1.0602274261072295,0.18022742610722942,True,"[1.000896037557068, -0.014276660446054067, -0.000339356264765061, 7.885770977755545]",[],0.00301775067456804,0.002050724642715574,0.0009642354782908507,0.011329355145786948,0.003912082001073912,0.0024801442174038134,0.0016070637019565948,5.358631669081758e-07,0,0,767
MATR_b1c12,False,,20,900,1.0821912965035,0.20219129650349998,False,"[1.0019281251069785, -0.0216101171361836, -0.00020366677388330466, 7.2767809725800054]",[],0.0030626729553440884,0.0008859624139035227,0.0007576915176887312,,,,0.0006821477443995745,4.7003314111948384e-07,3,1,881
MATR_b1c13,False,,20,895,1.0845483827505866,0.2045483827505865,False,"[1.0026857103011229, -0.03273323856927042, -6.486537925620417e-05, 8.453583527907565]",[],0.0038809619101432,0.0009242853664513036,0.0009247627949792515,,,,0.0011225498813276676,-3.0239006011231225e-06,1,0,876
MATR_b1c18,True,688.0,19,688,1.070131970396274,0.19013197039627383,True,"[1.0026253308346211, -0.09700181024476962, -8.665654401222438e-06, 13.939704309218518]",[],0.007940557147957095,0.0021424753043350034,0.0010161377613548204,0.019364300365085484,0.007641620498839291,0.007820626471662751,0.002224373719410024,2.81556548513185e-05,2,0,670
MATR_b1c19,True,786.0,15,786,1.0891354750582787,0.20913547505827856,True,"[1.000817696706045, -0.023309666133402986, -0.0008450073009798688, 6.8416621919555]",[],0.00401255193508148,0.0026774210169362806,0.0010224327954597087,0.014868931305639965,0.00836522192333854,0.005533444242880033,0.0027068645795460073,1.0157463986893493e-06,1,0,772
MATR_b1c20,True,532.0,7,532,1.0762344988345025,0.1962344988345024,True,"[1.0065607136338868, -0.2210422466893494, -0.0001971409195842962, 11.126907712502092]",[],0.0043658351111226165,0.001588508140881323,0.001526200100843125,0.009512003924276018,0.005623321567970725,0.0064200483955055825,0.0018621619791236318,-6.261594025274737e-05,0,1,526
MATR_b1c21,True,557.0,7,557,1.086218375291379,0.20621837529137887,False,"[1.0054461638321324, -0.15504458717861555, -5.2878238980604414e-05, 13.67810606000644]",[],0.006438174120790034,0.001435240976067244,0.001389659240618954,0.014587950707277248,0.007785855386913747,0.007797145370548364,0.0014919020358352365,-5.605353998298176e-05,0,1,551
MATR_b1c22,False,,18,889,1.0836297538461572,0.2036297538461571,False,"[1.002006694701827, -0.028400896216634348, -0.00025233920534773504, 6.572238129723296]",[],0.0026798700503874394,0.0007758116983489148,0.0007898992042447093,,,,0.0009587866918483141,-1.8833116983870457e-06,0,0,872
MATR_b1c23,True,1012.0,18,1012,1.0831145179487216,0.20311451794872148,True,"[1.0014313584696464, -0.023872852009796906, -0.0002877700366623043, 6.287447149297422]",[],0.003731653314410674,0.0011489048318256282,0.0009974619259140172,0.012394431917418491,0.004721436525677897,0.0057351047211612015,0.0008237235095391163,6.699202589345494e-07,11,1,995
MATR_b1c25,True,852.0,19,852,1.0793122790209826,0.19931227902098247,True,"[1.0004686163942906, -0.005267700636089058, -0.001194856140601, 5.9189144320662]",[],0.002840943201913667,0.0021583095366860773,0.0008877265878418555,0.010576090483300273,0.011544239079521703,0.008869604312364218,0.0022577713292128688,5.6483519348648284e-08,0,0,834
MATR_b1c27,True,840.0,14,840,1.08276243636364,0.20276243636363978,True,"[1.0007725645855545, -0.02444043432729505, -0.000258140410717012, 7.729792796842576]",[],0.0034461788721906065,0.001197373176169203,0.0006558185563967344,0.012439071762196835,0.0022139108674192206,0.001860079227417734,0.0009944042714067382,1.7691800787447142e-06,4,1,827
MATR_b1c28,True,858.0,20,858,1.0811753869463905,0.20117538694639037,True,"[1.0001700244737768, -0.006939160759073373, -0.0009652734065793942, 6.151339320453958]",[],0.0033000611329048013,0.0026790299548728825,0.0011231101182122662,0.012864172154348503,0.006870316485724996,0.004824824699140735,0.002264612329076755,1.181267721719189e-07,1,2,839
MATR_b1c29,True,915.0,20,915,1.0832527911421947,0.20325279114219463,True,"[1.0009949314323343, -0.021928115287325686, -0.0005439873242124122, 6.31428313336055]",[],0.0036939576477853777,0.001964504765480691,0.0008975220524225776,0.013704825877484039,0.004354852219577098,0.003109990711366574,0.001604814100729807,1.5017130041060554e-06,1,1,896
MATR_b1c30,True,707.0,20,707,1.0838315762237798,0.20383157622377968,True,"[1.0002677279186565, -0.030422063048601733, -0.00011314425554128111, 10.39920132723844]",[],0.004530092692597064,0.0020916554537506174,0.0007634097727897823,0.015342119350808031,0.003762293095295654,0.0024221798872195075,0.0015885544125433405,2.6182649952587357e-06,2,0,688
MATR_b1c31,True,874.0,13,874,1.0983169682983722,0.2183169682983721,True,"[0.9996302634730357, -0.02764644215031891, -0.0002175950142948146, 7.7005722659859455]",[],0.004247946457217655,0.0022040931075030207,0.0008972590189478089,0.015642536894091886,0.004150600585084038,0.0029183149876486087,0.0016847932556937602,3.2607902690529382e-06,2,0,862
MATR_b1c32,True,729.0,20,729,1.0813510976690013,0.20135109766900117,True,"[1.0003319294467277, -0.017983478327786153, -0.0004822231562581581, 8.152583509313448]",[],0.0034928242618764683,0.0024384129583650263,0.001054364301618939,0.013234174393016773,0.0047408512804770556,0.0031980945701250985,0.0020227052630775954,6.495121386425026e-07,0,0,710
MATR_b1c33,True,755.0,15,755,1.0965167762237797,0.21651677622377963,False,"[1.0001378151517195, -0.018585857654403282, -0.0006621575347073095, 7.525603544362871]",[],0.003394816151741466,0.0020062104203066354,0.0008451362407489982,0.012369355499111867,0.005353807316203047,0.004185236833946131,0.001879820136653059,7.386244101483309e-07,0,0,741
MATR_b1c34,True,740.0,14,740,1.0804175680652717,0.20041756806527156,True,"[1.0011745809480896, -0.026388440202288418, -9.865031758450875e-05, 10.109692907298344]",[],0.004573872021732062,0.0018421856044818791,0.0010853629678952209,0.013996925116332807,0.003866394743739096,0.004457848601774629,0.0011927427659381153,1.8359900520964692e-06,3,0,727
MATR_b1c35,True,701.0,14,701,1.0745774247086284,0.19457742470862827,True,"[1.0003787021404642, -0.004773911735011986, -0.0005027812526170972, 8.437615962278866]",[],0.0025303283182346267,0.001909603049236751,0.0007357002889669718,0.009794467170936402,0.0057349699841754325,0.0037670753098517753,0.001590359079451168,4.470471822016237e-08,0,0,688
MATR_b1c37,True,646.0,18,646,1.078749237529141,0.19874923752914087,True,"[1.0004951144825034, -0.020430818874562866, -0.00041475513239350983, 9.37590372571139]",[],0.0032355875816020897,0.002099942440991424,0.0007892129190344547,0.012552321578198944,0.006106371028206272,0.004154520521735313,0.0018517056711438427,6.698049201483027e-07,2,0,629
MATR_b1c38,True,615.0,19,615,1.0764563393939428,0.1964563393939427,True,"[1.0006942187540588, -0.01980970870682009, -0.0002471968529467031, 10.727672351727987]",[],0.00369265522748498,0.002302469589835691,0.0013780316064688478,0.012918454758782488,0.006365895699264826,0.007123522775004938,0.0013182309216841397,6.402634608997186e-07,0,0,597
MATR_b1c39,True,623.0,20,623,1.0860723601398639,0.20607236013986374,False,"[1.0001567387190466, -0.008896005380010423, -0.0004555309617538561, 9.735634834250854]",[],0.0033289261835360855,0.0026800962525527668,0.001176543132474096,0.01280985852188842,0.004923136159082596,0.003860857197930239,0.002112542230936268,1.1884703722468975e-07,1,0,604
MATR_b1c4,True,1707.0,20,1707,1.0828334538461575,0.20283345384615736,True,"[1.0029343363878231, -0.026239365733609625, -0.00047449954121455605, 3.3814338946539286]",[],0.005021159957786574,0.0017687148020984732,0.0015076200391271155,0.014377858347927102,0.002456450168792903,0.006840042234173019,0.0016448951123438833,3.2445837444143293e-06,1,2,1688
MATR_b1c40,True,964.0,20,964,1.0874031818181855,0.2074031818181854,True,"[1.0010465937561264, -0.012382903746643413, -0.0010821560122619657, 5.310590010348623]",[],0.002725440558127816,0.0008368556232364029,0.0005073364077580968,0.008623708780625138,0.0033858871566383904,0.0031753619142797507,0.0008324044395713722,4.770382564546253e-07,0,2,945
MATR_b1c42,True,700.0,19,700,1.084126252214456,0.2041262522144558,True,"[1.000352074148616, 0.018363282978420117, -0.0019952646907244985, 6.661735660694313]",[],0.0026398191177554133,0.00276896653159032,0.0007550617254929706,0.007956247064408574,0.015856328818847604,0.012558598854045453,0.002949228926456408,4.1022185567388076e-07,1,0,682
MATR_b1c43,True,649.0,15,649,1.0716266890442927,0.1916266890442926,True,"[0.9995148919331411, -0.018691337005127515, -0.00037393607023189507, 9.482001627804063]",[],0.003522583172497417,0.0027013512590244506,0.0009045526235600363,0.014014159646778962,0.007321940009631908,0.004786235870880298,0.0023309342416979123,6.016884251178808e-07,2,1,635
MATR_b1c5,True,1071.0,20,1071,1.0803666487179524,0.2003666487179523,True,"[1.0050866518669832, -0.04647740938072785, -1.3152675604704107e-05, 8.691658241708959]",[],0.006450838485159734,0.0016997243304779047,0.0016838141074784537,0.014750843571319441,0.010481773565113404,0.01161817433383402,0.0021623502885042083,-1.5375679303921468e-05,0,0,1052
MATR_b1c9,True,1052.0,20,1052,1.0876293834498871,0.20762938344988702,True,"[1.002640285440156, -0.025248808912912712, -0.00029765531573930094, 6.019478680065482]",[],0.003839580326428718,0.0009015012826397589,0.0008306141539151954,0.012585608701090784,0.0027699147725411023,0.0035485708690798576,0.0007987650966262718,5.024714453192055e-07,3,7,1033
MATR_b2c0,True,299.0,6,325,1.0730828268065304,0.19308282680653033,False,"[1.9999999999999998, 0.6756199224617401, -0.9945649647530032, 1.6381471153207008]",['a'],0.001957406581155859,0.0018435622870217768,0.0018741211517915868,0.00296583715155894,0.0025574876785356914,0.0035578303463508648,0.0014340757688472048,-4.724741207560167e-06,0,2,294
MATR_b2c10,True,559.0,19,594,1.0738626494172532,0.19386264941725306,False,"[1.006127902568244, -0.11501330936398993, -0.0009134263797726866, 8.791541878927962]",[],0.004307612692320535,0.0006794722588485898,0.0006811271868209216,0.011501438955151757,0.0011412649248982143,0.0015211309218033557,0.0006657400600294945,-7.165578027017118e-06,0,1,541
MATR_b2c11,True,475.0,20,503,1.0757885573426609,0.19578855734266076,False,"[1.0068034507876522, -0.07561687143323495, -0.0020619684985997856, 9.01864136050577]",[],0.0033869677667564702,0.0010074343100869546,0.0010489105993265566,0.008600205196910382,0.0031643104329121888,0.0035691044015190307,0.000891892290510524,-3.412281494165441e-06,1,3,456
MATR_b2c17,True,493.0,19,524,1.0746564020979057,0.19465640209790558,False,"[1.004815735554018, -0.07453745646063308, -0.00020861817070085692, 13.422625327650898]",[],0.004930776505290604,0.002362189158121367,0.0023505741677896817,0.013079508605053275,0.0036386378812813466,0.004136711464414586,0.0015737791502900542,-7.734023451986115e-07,1,2,475
MATR_b2c18,True,486.0,18,522,1.067379839393943,0.18737983939394298,False,"[1.006070158770676, -0.15257977338762327, -0.00010484003317521555, 14.397175660081457]",[],0.005819109568739787,0.0010971176100527905,0.0010812520284365845,0.01448548635938846,0.004534594491291221,0.004905197658121763,0.0010804924554779893,-1.7732285684116313e-05,1,1,469
MATR_b2c19,True,461.0,6,488,1.049446110489514,0.16944611048951397,False,"[1.0027372872362708, -0.19482476359221765, -7.764909303825413e-06, 19.999999999999996]",['d'],0.0065246023709133495,0.0006810759152856599,0.0005149076458260178,0.014602634720625998,0.002247224980398051,0.0009522427128916756,0.000564077758996408,6.761843095848589e-05,1,3,456
MATR_b2c2,True,437.0,20,463,1.0788818755244791,0.198881875524479,False,"[1.0062367147963918, -0.09707940303102751, -0.00017352754577943934, 15.483279312052943]",[],0.004812850402202562,0.0013866646936823545,0.001390923702158143,0.012250149384703405,0.008179417416236076,0.008337531803952641,0.001661362309891734,-7.988095817804304e-06,0,1,418
MATR_b2c20,True,500.0,19,529,1.0888189480186514,0.2088189480186513,False,"[1.003646254101344, -0.03770072417375501, -0.0010536205919873122, 10.292672361423657]",[],0.003188597553750378,0.0007326837656804662,0.0007126283860850155,0.009605119085268055,0.001423337932105468,0.0024106855537350193,0.0006464866046591661,-2.039758716315541e-07,1,6,482
MATR_b2c21,True,488.0,18,519,1.0818682671328708,0.20186826713287065,False,"[1.005520045056171, -0.10311522580881348, -0.0004072840148199328, 12.006964502678859]",[],0.004672559606034795,0.0010316404719356606,0.0010457177388337375,0.011839063400121207,0.005046823425265741,0.005378029268804462,0.0011433467940692994,-1.0510873100029196e-05,0,2,471
MATR_b2c22,True,511.0,20,538,1.0848692850815889,0.20486928508158875,False,"[1.0047808371609501, -0.07208698109649458, -0.00023865925879865103, 12.771281277968557]",[],0.004542593528991431,0.0011373965453629021,0.0011208063108158438,0.013124683111572577,0.006039063537624278,0.007027379456085052,0.0012290863158742145,-2.853869242664831e-06,1,1,492
MATR_b2c24,True,494.0,20,523,1.0724225086247121,0.192422508624712,False,"[1.0041056149231913, -0.05679602675531452, -0.00015758486667635422, 14.046633781887799]",[],0.004081126218582767,0.0013459307814988014,0.0013028845936826842,0.012213727870559197,0.006508107949824068,0.007707688066814919,0.001466843126792365,-1.353755648822977e-06,1,0,475
MATR_b2c25,True,460.0,19,486,1.071927690442894,0.19192769044289393,False,"[1.0061594770015505, -0.10965747722954036, -0.0001605176714409437, 14.684421365237197]",[],0.00504076595762648,0.001170192425498373,0.0011694599624762587,0.012524472244757367,0.006648421314169076,0.006974917348737654,0.0012879884304688356,-1.2516650481077324e-05,0,1,442
MATR_b2c27,True,467.0,18,494,1.071101937529141,0.19110193752914095,False,"[1.0047233324282459, -0.06625843403630438, -0.00027258151258632184, 13.60227707281908]",[],0.0040544939124439495,0.0011498825593212268,0.0011510385021105897,0.011514291045691735,0.006615032083060579,0.007412373999067243,0.0015096965920143703,-2.5393467883574927e-06,0,0,450
MATR_b2c28,True,509.0,20,539,1.0771009006993044,0.1971009006993043,False,"[1.002572447413432, -0.0334445529308369, -0.0003416056903363069, 12.262948313490593]",[],0.0033045350455705017,0.0014479584200402277,0.0014057661578703183,0.010172930421233212,0.0026695004415941436,0.003467734382019745,0.001125198272903042,-4.206640595189836e-08,2,5,490
MATR_b2c29,True,497.0,20,521,1.0777096389277425,0.1977096389277424,False,"[1.0027750524087211, -0.021101490657535964, -0.00015982391525177692, 14.188994223544862]",[],0.004214462764420823,0.0015874038229657828,0.0014631698272174697,0.010634898307390447,0.005294488774085891,0.006738153752431768,0.000984048908452892,-3.8147699014215766e-08,1,1,478
MATR_b2c30,True,480.0,20,506,1.0723456801864837,0.19234568018648357,False,"[1.0053159461779277, -0.06978869955938734, -0.0001631290339876077, 14.288288925709157]",[],0.0043320439608195895,0.001209044387734063,0.0012117168586105937,0.011912777144882097,0.006853785387197264,0.0074302288085675945,0.0013889651118823717,-4.4690732979099515e-06,0,1,461
MATR_b2c32,True,518.0,17,543,1.079654732400936,0.1996547324009359,False,"[1.0023621536878002, -0.022801581571329423, -0.0002067593765006515, 13.105900083270505]",[],0.003867180557058346,0.0019334392696376877,0.0018911377667404539,0.01055372816473751,0.007046811204292139,0.0087788318313629,0.001257455715940127,-1.5684856053478761e-07,2,5,502
MATR_b2c34,True,498.0,17,525,1.0747136470862508,0.19471364708625072,False,"[1.0021971724137437, -0.026865571400277687, -0.00011341021068983624, 14.789910211087774]",[],0.004515516198029027,0.0014813652652912001,0.001243716736864707,0.011653917641706524,0.005377710395225779,0.006728090184094185,0.0011378711778108291,5.405158674738186e-08,1,0,482
MATR_b2c35,True,462.0,17,485,1.0738122151515188,0.1938122151515187,False,"[1.0057783880893432, -0.08789838178117332, -7.84816506428078e-05, 16.35048396763512]",[],0.005034561834732487,0.0013429707554380645,0.0013398437498098718,0.013266304966130038,0.00867698002925193,0.00912839548368005,0.0016445243261262819,-7.971628723675e-06,0,1,446
MATR_b2c36,True,533.0,20,559,1.0851975307692343,0.2051975307692342,False,"[1.0025711297983628, -0.024305582422746032, -0.00030387267356036423, 12.027172305316787]",[],0.0030568366042598126,0.0011648562383520355,0.0009613205675410755,0.010442616646571003,0.003723998309784444,0.0048837436660739255,0.00104137669732954,9.906709113757235e-08,1,1,514
MATR_b2c37,True,477.0,20,500,1.080121601398605,0.2001216013986049,False,"[1.001837728472031, -0.004616390523494015, -0.00025817758512059407, 13.87774815567239]",[],0.003795612026138676,0.001408731666085496,0.0011023489241020613,0.009761559357853578,0.005057084475140409,0.006288091287505097,0.0010504668217138052,5.553496036143678e-09,1,2,458
MATR_b2c38,True,464.0,20,486,1.0748100869463906,0.19481008694639046,False,"[1.0040914543489152, -0.04782771648306007, -8.606281335155346e-05, 16.340061980201835]",[],0.004309810989356693,0.0010913482240318985,0.001094944234513675,0.010788772483949254,0.006353638465285358,0.0069214659104519976,0.0011878402842192242,-2.3461160443132413e-06,1,2,445
MATR_b2c39,True,458.0,20,479,1.0855229659673693,0.2055229659673692,False,"[1.0032336563590738, -0.028593120037808045, -0.00013535511365576268, 15.79417937582849]",[],0.004441095347986899,0.0012651052434133922,0.0012425839485190337,0.01070346124071263,0.006516886871907585,0.0076746345178902164,0.0012321943740307812,-3.9448369790229527e-07,1,2,439
MATR_b2c41,True,428.0,20,451,1.0747969599067635,0.19479695990676338,False,"[1.003812040276346, -0.04460324415181541, -0.00021970871478885028, 15.539772100686191]",[],0.003330512762068905,0.0009943933862386547,0.0009948303409352682,0.010531887502769927,0.006307533582973311,0.007138538338658458,0.0010928095006981443,-1.03574400943855e-06,1,1,409
MATR_b2c42,True,464.0,20,490,1.0832161708624746,0.20321617086247445,False,"[1.0026847217202872, -0.024141853427380573, -0.00046074693698557316, 12.962555792844043]",[],0.003048352900469554,0.0015970136519108593,0.001356879083238831,0.010650418109099283,0.005463050265344811,0.007001115019759576,0.0012816654127010747,6.370376292383567e-08,1,1,445
MATR_b2c44,True,455.0,20,477,1.0762321946386981,0.196232194638698,False,"[1.0022800099810967, -0.020050302127361405, -0.00020501015836567584, 14.93152629640652]",[],0.003658717830449123,0.0013471385058434785,0.0011632571148841556,0.010257171482812884,0.005772187815718126,0.007120548802622806,0.0010860797536214816,-1.117679577879168e-09,1,1,436
MATR_b2c45,True,485.0,18,513,1.0751993039627077,0.19519930396270757,False,"[1.0043866057194135, -0.0678172082936583, -0.00017399641227713639, 14.025661968172678]",[],0.004280200262236762,0.001070023037545313,0.001069633997461499,0.012125791464002385,0.006079689955888727,0.006798372622165244,0.001259814507366172,-3.615012528856605e-06,1,0,468
MATR_b2c47,True,712.0,20,744,1.0501250871794907,0.1701250871794906,False,"[1.0057780179392537, -0.09068510973492272, -0.00010353639460853162, 9.717949933120394]",[],0.005103555765696324,0.0009594386209890017,0.0009465427136892409,0.012024126289768502,0.004972468910253014,0.005127530000896716,0.0010650877767635156,-2.36197595566794e-05,1,0,693
MATR_b2c6,True,509.0,11,543,1.0724161662004696,0.19241616620046953,False,"[1.0084634023310048, -0.29912416872899494, -1.6380492427497334e-05, 15.630421127566239]",[],0.0040409932891004915,0.001168529994062259,0.0010862659866617958,0.009629080536091942,0.004377111875132815,0.004654612007649826,0.0010492673289957052,-3.229868861185981e-05,0,0,499
MATR_b3c1,True,1061.0,16,1061,1.068427683449887,0.1884276834498868,True,"[1.0018586454499014, -0.03809779733774818, -1.2108754140138966e-05, 8.871242975878134]",[],0.006335601325592844,0.0019300469289021782,0.0011024138552365847,0.016487564949004822,0.007478983441234793,0.008220773874287556,0.001272597788867639,6.9490528136772316e-06,3,0,1046
MATR_b3c10,True,1076.0,20,1076,1.064645648251752,0.18464564825175178,True,"[1.0021111227126047, -0.03216282077914419, -2.497629737220576e-05, 8.108047645642484]",[],0.0058744718975614904,0.0023681859214786517,0.0015731796633506152,0.015674066558101475,0.008412783885612582,0.010181995395168567,0.0013025130004293444,4.28565909599877e-06,0,0,1057
MATR_b3c11,True,815.0,17,815,1.070726958508162,0.1907269585081619,True,"[1.002988653058744, -0.04904908301372196, -7.872656103697411e-05, 9.212786104173544]",[],0.0048805084839309955,0.0008550206527814916,0.0008531643518462129,0.012905077767021636,0.005011606915297712,0.005465043748600405,0.001051064782990438,-7.420620325502074e-06,0,0,799
MATR_b3c12,True,930.0,19,930,1.0768634296037334,0.19686342960373326,True,"[1.0027524657408484, -0.031762170999389466, -2.772509745281113e-05, 9.318271948439868]",[],0.005377106506977925,0.001212158830030639,0.001209407267280065,0.012459493458378356,0.007232330947092332,0.007878587575076357,0.0015600148955807202,-4.168311260785747e-06,1,0,912
MATR_b3c13,True,814.0,20,814,1.0695746181818218,0.18957461818182164,True,"[1.003237668540552, -0.049399253842217154, -0.00011847293582595376, 8.692208293015314]",[],0.004628044823899322,0.0006481795894017364,0.0006555888614250383,0.012163581502583311,0.004221393455221584,0.004607918006612746,0.0007542434375199579,-9.713900734418772e-06,0,1,795
MATR_b3c14,True,856.0,20,856,1.0772953130536167,0.19729531305361658,True,"[1.0030776273427278, -0.03405569589726202, -8.874350434035922e-05, 8.730015076821008]",[],0.004145315822077485,0.0007303016220984875,0.0007410416111659844,0.011183382680866267,0.004391285802180698,0.004868164207356159,0.0009440862443953331,-4.9167233959986825e-06,0,1,837
MATR_b3c16,True,1636.0,18,1636,1.0643385261072296,0.18433852610722945,True,"[1.0013922762759946, -0.03193846441977005, -4.873060664527726e-05, 4.832572669413677]",[],0.00638671848356927,0.0022116806944781266,0.0010964844781521184,0.01753690496036033,0.008215421330673312,0.008425020112494571,0.00147568380937521,1.3406409082057227e-05,1,0,1619
MATR_b3c17,True,1313.0,10,1313,1.0698727412587448,0.18987274125874465,True,"[0.9990085314409907, -0.031221882392853118, -8.725191247723985e-05, 5.649301704164992]",[],0.005698211869073836,0.0025190697253859853,0.0011287535767345823,0.017431485193755418,0.007717295723424278,0.0069759754106680505,0.0019283499931628135,7.479202541503585e-06,1,1,1304
MATR_b3c18,True,1144.0,16,1144,1.0700733776223812,0.19007337762238108,False,"[1.0006507860999958, -0.0373539658056811, -5.873668439979006e-05, 6.84978813457217]",[],0.005852071694542026,0.0022907344866815427,0.001055756597139682,0.01698114158022409,0.006452925519332466,0.0065552899041943615,0.0013366465086004408,1.129641327653631e-05,1,0,1129
MATR_b3c2,True,1265.0,17,1265,1.0630037177156213,0.18300371771562118,True,"[1.0001585934232307, -0.031058457013891778, -8.975299507555717e-05, 5.846600496503413]",[],0.005585384509865139,0.002640414256676115,0.0008516597295570818,0.017423188718596487,0.00467328131472493,0.0032371312187921748,0.0019181874627455238,9.289741332260182e-06,3,0,1249
MATR_b3c20,True,811.0,20,811,1.068003553379957,0.1880035533799569,True,"[1.0033909085321924, -0.04452266367806922, -4.663288346024212e-06, 12.803290096028014]",[],0.006695047081180171,0.001288221090729331,0.0012543833541546804,0.014334735970646741,0.009093691879410629,0.009945618909292102,0.001307953974490267,-7.164127553239862e-06,1,0,792
MATR_b3c22,True,1000.0,17,1000,1.0590757659673695,0.1790757659673694,True,"[1.0034851200571626, -0.042710636658271246, -2.0160778647923568e-07, 13.377293763300932]",[],0.007336725176176536,0.001331165958382196,0.0013063682057124918,0.01296862818281016,0.00916653625816909,0.00928775332083947,0.0018173327469269938,-1.9784560467496912e-05,0,0,984
MATR_b3c23,False,,16,2188,1.0687427270396306,0.18874272703963046,False,"[1.0019165882822656, -0.03290187308844169, -4.2603208811564765e-07, 5.399827185343582]",[],0.005376203553871128,0.0005265140791879323,0.0004355498405517365,,,,0.00045599959206643257,1.4662781302634958e-05,9,9,2173
MATR_b3c24,True,823.0,20,823,1.050482590442894,0.17048259044289393,True,"[1.0050627156018734, -0.050554497476060514, -6.037810218700561e-06, 12.090420733244038]",[],0.00561734772947298,0.0013320274141500662,0.0013189507207170639,0.012346905707987988,0.007662941530430507,0.007852580689906111,0.001356704014628961,-1.697383473736715e-05,0,0,804
MATR_b3c25,True,987.0,20,987,1.0650901836829871,0.18509018368298702,True,"[1.0037980649255256, -0.04096656235957188, -3.992122176421958e-06, 10.616066756079519]",[],0.006533372615871687,0.0012616234182174133,0.0011440065758275652,0.014749036634462708,0.009984527297006602,0.01073603658617667,0.0014728527052996457,-6.08970699472246e-06,1,0,968
MATR_b3c26,True,1026.0,20,1026,1.0755010188811225,0.19550101888112237,True,"[1.0017446485240236, -0.030186749945711067, -0.00011946134935728958, 7.022000583467233]",[],0.004483631446200507,0.0015560299439871662,0.0008266812272159707,0.014819735144726499,0.005000294139778956,0.005245043130344512,0.0011396953678305653,3.7429822900655565e-06,0,0,1007
MATR_b3c27,True,848.0,20,848,1.064168887412591,0.18416888741259085,False,"[1.0028546554264417, -0.04217358125756993, -3.9647134923125354e-05, 9.684314343458999]",[],0.0048387603577574965,0.0008294433680165854,0.0007831769025908987,0.013506080622324727,0.005316537648446274,0.006092194786233468,0.0006719600565686342,-3.6621916091904844e-06,1,1,829
MATR_b3c28,True,539.0,6,539,1.0527228668997703,0.17272286689977023,True,"[1.0028418878367718, -0.20086133123296976, -0.00046388770752201234, 9.090708094167217]",[],0.003461118908754299,0.0005687783269457621,0.0005771677526765694,0.008615129741834145,0.0032144226918295804,0.0014183059125769141,0.0007407062941831411,6.0443325735764925e-06,0,0,534
MATR_b3c29,True,856.0,20,856,1.0708673715617751,0.19086737156177502,True,"[1.00360536733141, -0.04559862817164388, -9.400479183581593e-05, 8.576845941815083]",[],0.004729278686785368,0.0006638833402341241,0.0006639272038444066,0.01289490923253426,0.004703417883676274,0.005093809157490083,0.0006433295014169209,-9.680480261491693e-06,0,0,837
MATR_b3c3,True,1113.0,20,1113,1.0652432510489547,0.18524325104895456,True,"[1.00210435327711, -0.03624104860598978, -1.711913865250885e-05, 8.129685413124363]",[],0.0058528782603270236,0.0015470719454208975,0.0010023145102897265,0.015624856415417892,0.0065224622797656505,0.007500209830643115,0.0011049201282912883,4.315685980222284e-06,2,0,1094
MATR_b3c30,True,933.0,20,933,1.0721533466200504,0.19215334662005024,True,"[1.0025859797232883, -0.03584260604568486, -1.2264696627842046e-05, 10.091387454248338]",[],0.005699197098790022,0.0005448697177108294,0.0005397980162186366,0.013631944759667766,0.0034742872061641165,0.0038165058688168904,0.0005458091844914212,-8.75328653906212e-06,1,0,914
MATR_b3c31,True,729.0,20,729,1.0714425400932437,0.19144254009324357,True,"[1.0028299233605753, -0.042112076184068356, -1.586460290788702e-05, 12.605570209237392]",[],0.0057395975782918865,0.0010477061656918112,0.0010377605111644495,0.013208563612635943,0.006629625729775668,0.007485377123835775,0.0011356006121961723,-4.1483987948409144e-06,1,0,710
MATR_b3c32,False,,19,2236,1.075078153379957,0.19507815337995682,False,"[1.0021892441578373, -0.033337828004041586, -1.1104778941677259e-07, 5.5170625484926745]",[],0.002629200401980907,0.0005207420127352744,0.0005243368120511716,,,,0.0006874808622123485,-1.3595230579412941e-06,0,2,2218
MATR_b3c34,True,1156.0,20,1156,1.0642233501165537,0.18422335011655355,True,"[1.0008494506922903, -0.03770731048172476, -4.0125910607792966e-05, 7.065053823193077]",[],0.006238352726519108,0.0029240645517535193,0.001267861416134706,0.01743586825634683,0.01070512925459911,0.01087777915123349,0.0016262884157947999,1.1999542984453481e-05,0,0,1137
MATR_b3c35,True,1091.0,19,1091,1.065326200466204,0.18532620046620396,True,"[1.0014984348189895, -0.03528031872920581, -0.00011141754081440801, 6.579703173292707]",[],0.005003633265740823,0.0016794646581176145,0.0010672718585746377,0.014960105954575443,0.004761854635723999,0.0055468255718304025,0.0010547729623246308,5.634607782008849e-06,0,1,1073
MATR_b3c36,True,921.0,20,921,1.060545249417253,0.1805452494172528,True,"[1.0041136594191244, -0.05728522151215257, -2.494578458244156e-07, 14.221797805116205]",[],0.0072652499831758624,0.0014024605970728613,0.0013657587735237547,0.01376042658868292,0.008373461344336315,0.008461951353987394,0.0019376515310464216,-2.901785314183428e-05,0,0,902
MATR_b3c38,True,1933.0,19,1933,1.0725392601398638,0.19253926013986367,False,"[1.0023968652451496, -0.03189744963842351, -3.0393954294838408e-05, 4.304548279971622]",[],0.006715895976221447,0.00128410365149772,0.0009485108218146559,0.017911703147160146,0.007153026139472264,0.007017744672516464,0.0013376326795917794,7.306263357943977e-06,0,0,1915
MATR_b3c39,True,1154.0,20,1154,1.0514178428904464,0.17141784289044626,True,"[1.003800817859332, -0.04678090374003502, -1.6050426659556989e-07, 11.702945316131725]",[],0.007543869963727263,0.001087513703041186,0.0010555822424376385,0.014336342039326077,0.008602494462981126,0.008782284102251363,0.001279521241668095,-2.9334509762925462e-05,1,0,1135
MATR_b3c4,True,1046.0,16,1046,1.0748160550116586,0.19481605501165844,False,"[1.0022144098549821, -0.03287839604661163, -9.832022389098332e-05, 7.058974056543084]",[],0.004734941505966558,0.0012736718114759172,0.0008929479526653535,0.014425067822639989,0.0028895459990720385,0.0035826035980916666,0.000987017336205059,2.837333302368227e-06,0,0,1031
MATR_b3c42,True,1640.0,20,1640,1.0697535997669032,0.1897535997669031,True,"[1.0039055106519381, -0.032925816641828885, -9.516055817786012e-05, 4.408852832137333]",[],0.0056751991852952,0.001369354390626499,0.001359682406223288,0.014026465005483671,0.008118912040023145,0.008915278481816316,0.001541218028827521,-1.0187414624355063e-05,1,0,1621
MATR_b3c43,True,1044.0,20,1044,1.0731610986014022,0.19316109860140207,True,"[1.0033192370731427, -0.03487578997774895, -6.667741528828724e-06, 9.627264625710193]",[],0.006705372455754011,0.0016147193419596385,0.0014441105843866018,0.014987251560847676,0.010397542827060896,0.011652242424323412,0.0015084404701882874,-4.4079087243094e-06,1,0,1025
MATR_b3c44,True,938.0,20,938,1.0736855699300736,0.19368556993007346,True,"[1.0039556765708302, -0.036970247361708376, -3.292528050415783e-06, 11.437751012214406]",[],0.006763827222484576,0.0013119247050125144,0.001301381770296328,0.0129194262043488,0.008740336817962172,0.008998312654196766,0.001840032318625906,-1.0245639573793609e-05,0,0,919
MATR_b3c45,True,1799.0,16,1799,1.0716944969697004,0.1916944969697003,True,"[1.0033032579611016, -0.030813940425307815, -5.988262045017656e-05, 4.28775505690539]",[],0.006183164611403626,0.0014447555499146054,0.0012783266384689585,0.015990930253803538,0.008459594738123922,0.009391053939088234,0.001308922950458618,-3.63016858220309e-06,0,1,1784
MATR_b3c5,True,826.0,20,826,1.0538047477855512,0.1738047477855511,True,"[1.0045372270536805, -0.058479160462075665, -1.0531301753040247e-05, 11.34665667175453]",[],0.005845081342488662,0.0012600764514125887,0.0012443388361054544,0.013253397154551313,0.006658813851486749,0.0068576815344788935,0.0012585732664028321,-2.033910508863872e-05,0,1,807
MATR_b3c6,True,665.0,4,665,1.063035861118881,0.18303586111888093,True,"[1.0006550228074047, -0.18440872424375618, -0.00040521226782060576, 7.407212981879604]",[],0.003592862866574712,0.0011738357510268466,0.0010438553133689662,0.00923113521319054,0.00814150548176438,0.0018124971188482248,0.0010594958371437427,3.346918926446887e-05,0,0,662
MATR_b3c7,True,1834.0,14,1834,1.0708184925407962,0.19081849254079608,True,"[1.0024384330039748, -0.026771090241333874, -8.523062784202386e-05, 4.027671501587365]",[],0.005691515383355309,0.0013002309594214124,0.0009978797901641088,0.016208868741733707,0.006780966828628411,0.007313019102113455,0.0016137442603148798,1.3193711359901667e-06,1,0,1821
MATR_b3c8,True,826.0,20,826,1.0684814097902133,0.18848140979021322,True,"[1.0039107521007005, -0.047343875444670974, -5.904600445245532e-06, 12.229327308326457]",[],0.0061412788433374945,0.0010420656053975019,0.0010300077461816847,0.013752240459104,0.00900098240909553,0.00928501389719084,0.0012978956384000241,-1.1788969048264891e-05,0,0,807
