index,source_unit,T,q1,n_patterns,split
0,MATR_b3c45,1789,1.075136997008836,0,train
1,MATR_b1c31,869,1.0976396917397944,0,train
2,MATR_b1c27,838,1.0832907833459628,0,train
3,MATR_b1c34,736,1.0815503957828287,0,validation
4,MATR_b2c41,427,1.078606167585529,0,train
5,MATR_b1c18,682,1.0728279450754683,0,train
6,MATR_b3c28,542,1.0550097514274694,0,validation
7,MATR_b1c32,723,1.0811648561056284,0,train
8,MATR_b1c21,560,1.0919065538202812,0,train
9,MATR_b3c31,727,1.0744121793255534,0,train
10,MATR_b1c4,1696,1.0854668112776662,0,train
11,MATR_b2c47,713,1.055987164249498,0,test
12,MATR_b3c2,1251,1.0630433159232497,0,validation
13,MATR_b1c5,1069,1.0857972971079062,0,train
14,MATR_b2c32,515,1.0819541934951034,0,validation
15,MATR_b1c19,780,1.089074004115061,0,test
16,MATR_b3c6,668,1.0631020727320473,0,train
17,MATR_b3c12,928,1.0797630265301197,0,train
18,MATR_b2c20,498,1.0915887895958503,0,train
19,MATR_b2c6,508,1.0811511600911252,0,validation
20,MATR_b1c37,643,1.078809660035635,0,train
21,MATR_b3c27,845,1.0671191140956677,0,train
22,MATR_b3c42,1636,1.0737939262006542,0,train
23,MATR_b2c47,713,1.055987164249498,0,test
24,MATR_b2c27,466,1.0757938445821742,0,test
25,MATR_b1c27,838,1.0832907833459628,0,validation
26,MATR_b3c34,1146,1.0650441873495893,0,train
27,MATR_b3c45,1789,1.075136997008836,0,validation
28,MATR_b2c27,466,1.0757938445821742,0,train
29,MATR_b1c25,848,1.0785150955996758,0,test
30,MATR_b3c17,1303,1.0686847489834432,0,train
31,MATR_b1c35,696,1.0744343822882207,0,train
32,MATR_b1c43,644,1.0706822764906234,0,test
33,MATR_b2c19,461,1.0521054346803465,0,test
34,MATR_b1c23,1011,1.0843252955538647,0,test
35,MATR_b2c6,508,1.0811511600911252,0,train
36,MATR_b2c28,506,1.0794630872518627,0,train
37,MATR_b2c41,427,1.078606167585529,0,validation
38,MATR_b3c22,1001,1.0627211652918709,0,train
39,MATR_b3c44,938,1.0778892962747062,0,test
40,MATR_b3c34,1146,1.0650441873495893,0,validation
41,MATR_b1c42,693,1.082434918233587,0,train
42,MATR_b1c9,1052,1.0901478086881022,0,train
43,MATR_b1c33,748,1.09591595897722,0,test
44,MATR_b3c17,1303,1.0686847489834432,0,train
45,MATR_b3c29,855,1.0745777030032202,0,train
46,MATR_b1c21,560,1.0919065538202812,0,test
47,MATR_b3c24,823,1.055741091144163,0,train
48,MATR_b1c28,851,1.0803016401675491,0,train
49,MATR_b1c32,723,1.0811648561056284,0,test
50,MATR_b3c28,542,1.0550097514274694,0,train
51,MATR_b1c43,644,1.0706822764906234,0,train
52,MATR_b3c42,1636,1.0737939262006542,0,train
53,MATR_b2c35,461,1.0798365274693045,0,validation
54,MATR_b3c31,727,1.0744121793255534,0,train
55,MATR_b3c30,932,1.0748741029736748,0,train
56,MATR_b2c18,484,1.073581640928696,0,train
57,MATR_b1c35,696,1.0744343822882207,0,train
58,MATR_b1c28,851,1.0803016401675491,0,train
59,MATR_b3c4,1039,1.0770542976176385,0,train
60,MATR_b1c35,696,1.0744343822882207,0,test
61,MATR_b3c8,825,1.0726028064461643,0,train
62,MATR_b1c11,781,1.0607996364432424,0,train
63,MATR_b3c16,1623,1.0657342221498793,0,validation
64,MATR_b1c32,723,1.0811648561056284,0,train
65,MATR_b3c13,815,1.0728567184452393,0,train
66,MATR_b3c18,1132,1.0706664851854106,0,test
67,MATR_b3c13,815,1.0728567184452393,0,train
68,MATR_b1c20,536,1.082841393769449,0,train
69,MATR_b3c7,1826,1.0733092403326276,0,train
70,MATR_b3c42,1636,1.0737939262006542,0,train
71,MATR_b3c29,855,1.0745777030032202,0,test
72,MATR_b1c9,1052,1.0901478086881022,0,train
73,MATR_b2c11,478,1.0807873956067426,0,train
74,MATR_b3c35,1083,1.0667654020509048,0,train
75,MATR_b3c31,727,1.0744121793255534,0,train
76,MATR_b1c9,1052,1.0901478086881022,0,train
77,MATR_b2c27,466,1.0757938445821742,0,train
78,MATR_b2c11,478,1.0807873956067426,0,validation
79,MATR_b3c13,815,1.0728567184452393,0,train
80,MATR_b1c42,693,1.082434918233587,0,train
81,MATR_b2c30,479,1.0777935311711466,0,train
82,MATR_b3c35,1083,1.0667654020509048,0,train
83,MATR_b2c37,474,1.08181881604595,0,test
84,MATR_b1c39,617,1.085733346840118,0,train
85,MATR_b3c39,1152,1.0553645477915845,0,validation
86,MATR_b3c42,1636,1.0737939262006542,0,train
87,MATR_b1c40,963,1.0873447662836824,0,train
88,MATR_b1c9,1052,1.0901478086881022,0,train
89,MATR_b3c7,1826,1.0733092403326276,0,train
90,MATR_b3c6,668,1.0631020727320473,0,train
91,MATR_b2c44,453,1.078440429299455,0,train
92,MATR_b3c22,1001,1.0627211652918709,0,train
93,MATR_b1c32,723,1.0811648561056284,0,validation
94,MATR_b3c38,1928,1.0750429601622304,0,train
95,MATR_b2c21,489,1.0872821114631823,0,train
96,MATR_b2c6,508,1.0811511600911252,0,train
97,MATR_b3c6,668,1.0631020727320473,0,train
98,MATR_b1c21,560,1.0919065538202812,0,test
99,MATR_b1c39,617,1.085733346840118,0,train
100,MATR_b1c28,851,1.0803016401675491,0,train
101,MATR_b1c40,963,1.0873447662836824,0,train
102,MATR_b2c21,489,1.0872821114631823,0,train
103,MATR_b3c16,1623,1.0657342221498793,0,validation
104,MATR_b2c17,491,1.079523955839744,0,test
105,MATR_b2c22,509,1.0897150505002706,0,train
106,MATR_b3c3,1106,1.067427828199617,0,train
107,MATR_b3c5,825,1.0585129712028152,0,train
108,MATR_b1c21,560,1.0919065538202812,0,test
109,MATR_b2c10,559,1.0793293608395667,0,train
110,MATR_b1c9,1052,1.0901478086881022,0,train
111,MATR_b1c5,1069,1.0857972971079062,0,train
112,MATR_b2c10,559,1.0793293608395667,0,validation
113,MATR_b1c21,560,1.0919065538202812,0,train
114,MATR_b3c42,1636,1.0737939262006542,0,train
115,MATR_b2c37,474,1.08181881604595,0,train
116,MATR_b1c1,2153,1.0853241041259158,0,train
117,MATR_b1c39,617,1.085733346840118,0,validation
118,MATR_b2c6,508,1.0811511600911252,0,validation
119,MATR_b2c39,456,1.0888527656344578,0,test
120,MATR_b3c43,1040,1.0766783990068698,0,test
121,MATR_b3c7,1826,1.0733092403326276,0,train
122,MATR_b1c37,643,1.078809660035635,0,train
123,MATR_b3c38,1928,1.0750429601622304,0,train
124,MATR_b1c21,560,1.0919065538202812,0,validation
125,MATR_b2c35,461,1.0798365274693045,0,train
126,MATR_b3c22,1001,1.0627211652918709,0,train
127,MATR_b2c32,515,1.0819541934951034,0,train
128,MATR_b1c31,869,1.0976396917397944,0,train
129,MATR_b3c2,1251,1.0630433159232497,0,train
130,MATR_b1c29,909,1.0837137679150843,0,train
131,MATR_b1c32,723,1.0811648561056284,0,train
132,MATR_b3c4,1039,1.0770542976176385,0,validation
133,MATR_b1c9,1052,1.0901478086881022,0,train
134,MATR_b3c3,1106,1.067427828199617,0,train
135,MATR_b1c32,723,1.0811648561056284,0,validation
136,MATR_b1c30,702,1.083964856259756,0,validation
137,MATR_b3c5,825,1.0585129712028152,0,train
138,MATR_b3c7,1826,1.0733092403326276,0,train
139,MATR_b2c45,484,1.0796528217476742,0,train
140,MATR_b3c6,668,1.0631020727320473,0,train
141,MATR_b1c21,560,1.0919065538202812,0,test
142,MATR_b3c8,825,1.0726028064461643,0,test
143,MATR_b3c10,1067,1.0668321247331534,0,validation
144,MATR_b2c28,506,1.0794630872518627,0,train
145,MATR_b2c34,495,1.0769223428746268,0,train
146,MATR_b3c6,668,1.0631020727320473,0,validation
147,MATR_b3c10,1067,1.0668321247331534,0,train
148,MATR_b2c25,460,1.0782373333527677,0,test
149,MATR_b3c16,1623,1.0657342221498793,0,test
150,MATR_b2c27,466,1.0757938445821742,0,validation
151,MATR_b2c42,461,1.0855924839989726,0,train
152,MATR_b1c31,869,1.0976396917397944,0,train
153,MATR_b1c39,617,1.085733346840118,0,validation
154,MATR_b3c38,1928,1.0750429601622304,0,train
155,MATR_b2c45,484,1.0796528217476742,0,test
156,MATR_b2c32,515,1.0819541934951034,0,train
157,MATR_b2c45,484,1.0796528217476742,0,validation
158,MATR_b2c17,491,1.079523955839744,0,train
159,MATR_b3c17,1303,1.0686847489834432,0,train
160,MATR_b1c35,696,1.0744343822882207,0,train
161,MATR_b3c20,808,1.0715723006175955,0,train
162,MATR_b3c31,727,1.0744121793255534,0,train
163,MATR_b3c22,1001,1.0627211652918709,0,train
164,MATR_b3c34,1146,1.0650441873495893,0,train
165,MATR_b3c17,1303,1.0686847489834432,0,test
166,MATR_b1c32,723,1.0811648561056284,0,train
167,MATR_b2c20,498,1.0915887895958503,0,train
168,MATR_b2c18,484,1.073581640928696,0,test
169,MATR_b1c20,536,1.082841393769449,0,train
170,MATR_b1c4,1696,1.0854668112776662,0,train
171,MATR_b2c25,460,1.0782373333527677,0,train
172,MATR_b1c31,869,1.0976396917397944,0,train
173,MATR_b1c23,1011,1.0843252955538647,0,train
174,MATR_b2c11,478,1.0807873956067426,0,test
175,MATR_b1c33,748,1.09591595897722,0,test
176,MATR_b2c18,484,1.073581640928696,0,train
177,MATR_b3c13,815,1.0728567184452393,0,validation
178,MATR_b1c32,723,1.0811648561056284,0,train
179,MATR_b3c12,928,1.0797630265301197,0,validation
180,MATR_b1c33,748,1.09591595897722,0,train
181,MATR_b3c39,1152,1.0553645477915845,0,train
182,MATR_b2c29,494,1.080502830348712,0,test
183,MATR_b2c24,492,1.0765929166536163,0,train
184,MATR_b1c1,2153,1.0853241041259158,0,train
185,MATR_b3c18,1132,1.0706664851854106,0,train
186,MATR_b2c28,506,1.0794630872518627,0,train
187,MATR_b1c18,682,1.0728279450754683,0,test
188,MATR_b3c4,1039,1.0770542976176385,0,train
189,MATR_b1c20,536,1.082841393769449,0,train
190,MATR_b1c37,643,1.078809660035635,0,train
191,MATR_b3c8,825,1.0726028064461643,0,train
192,MATR_b2c6,508,1.0811511600911252,0,train
193,MATR_b3c43,1040,1.0766783990068698,0,train
194,MATR_b2c42,461,1.0855924839989726,0,train
195,MATR_b1c37,643,1.078809660035635,0,train
196,MATR_b3c31,727,1.0744121793255534,0,train
197,MATR_b1c40,963,1.0873447662836824,0,test
198,MATR_b3c3,1106,1.067427828199617,0,test
199,MATR_b1c1,2153,1.0853241041259158,0,train
200,MATR_b2c29,494,1.080502830348712,0,train
201,MATR_b3c3,1106,1.067427828199617,0,validation
202,MATR_b1c35,696,1.0744343822882207,0,train
203,MATR_b3c31,727,1.0744121793255534,0,train
204,MATR_b2c38,462,1.079061983477721,0,train
205,MATR_b1c40,963,1.0873447662836824,0,test
206,MATR_b2c32,515,1.0819541934951034,0,train
207,MATR_b2c18,484,1.073581640928696,0,train
208,MATR_b3c3,1106,1.067427828199617,0,train
209,MATR_b3c17,1303,1.0686847489834432,0,train
210,MATR_b3c13,815,1.0728567184452393,0,train
211,MATR_b2c27,466,1.0757938445821742,0,train
212,MATR_b2c2,437,1.0853150317776057,0,train
213,MATR_b1c35,696,1.0744343822882207,0,train
214,MATR_b2c32,515,1.0819541934951034,0,train
215,MATR_b2c25,460,1.0782373333527677,0,validation
216,MATR_b1c4,1696,1.0854668112776662,0,validation
217,MATR_b2c42,461,1.0855924839989726,0,train
218,MATR_b1c34,736,1.0815503957828287,0,train
219,MATR_b2c17,491,1.079523955839744,0,train
220,MATR_b2c19,461,1.0521054346803465,0,train
221,MATR_b2c2,437,1.0853150317776057,0,train
222,MATR_b3c1,1054,1.0703596794731525,0,train
223,MATR_b2c35,461,1.0798365274693045,0,train
224,MATR_b3c4,1039,1.0770542976176385,0,validation
225,MATR_b3c43,1040,1.0766783990068698,0,train
226,MATR_b3c43,1040,1.0766783990068698,0,train
227,MATR_b2c27,466,1.0757938445821742,0,train
228,MATR_b2c2,437,1.0853150317776057,0,train
229,MATR_b3c11,814,1.0737892412373928,0,test
230,MATR_b1c25,848,1.0785150955996758,0,test
231,MATR_b1c18,682,1.0728279450754683,0,train
232,MATR_b2c38,462,1.079061983477721,0,train
233,MATR_b3c13,815,1.0728567184452393,0,train
234,MATR_b2c37,474,1.08181881604595,0,train
235,MATR_b3c7,1826,1.0733092403326276,0,train
236,MATR_b2c27,466,1.0757938445821742,0,validation
237,MATR_b1c28,851,1.0803016401675491,0,train
238,MATR_b3c6,668,1.0631020727320473,0,train
239,MATR_b1c23,1011,1.0843252955538647,0,train
240,MATR_b1c20,536,1.082841393769449,0,validation
241,MATR_b2c47,713,1.055987164249498,0,validation
242,MATR_b2c20,498,1.0915887895958503,0,train
243,MATR_b3c36,922,1.0648467012794083,0,validation
244,MATR_b3c6,668,1.0631020727320473,0,train
245,MATR_b3c29,855,1.0745777030032202,0,train
246,MATR_b3c12,928,1.0797630265301197,0,test
247,MATR_b1c37,643,1.078809660035635,0,train
248,MATR_b1c25,848,1.0785150955996758,0,validation
249,MATR_b3c39,1152,1.0553645477915845,0,train
250,MATR_b1c20,536,1.082841393769449,0,train
251,MATR_b3c26,1020,1.0772154819450466,0,train
252,MATR_b3c24,823,1.055741091144163,0,train
253,MATR_b2c45,484,1.0796528217476742,0,validation
254,MATR_b2c20,498,1.0915887895958503,0,train
255,MATR_b1c18,682,1.0728279450754683,0,train
256,MATR_b3c16,1623,1.0657342221498793,0,train
257,MATR_b3c26,1020,1.0772154819450466,0,test
258,MATR_b1c4,1696,1.0854668112776662,0,validation
259,MATR_b1c28,851,1.0803016401675491,0,train
260,MATR_b1c23,1011,1.0843252955538647,0,train
261,MATR_b2c29,494,1.080502830348712,0,train
262,MATR_b1c39,617,1.085733346840118,0,train
263,MATR_b1c20,536,1.082841393769449,0,test
264,MATR_b2c25,460,1.0782373333527677,0,test
265,MATR_b1c21,560,1.0919065538202812,0,validation
266,MATR_b2c47,713,1.055987164249498,0,train
267,MATR_b3c28,542,1.0550097514274694,0,train
268,MATR_b2c37,474,1.08181881604595,0,train
269,MATR_b3c29,855,1.0745777030032202,0,validation
270,MATR_b3c29,855,1.0745777030032202,0,train
271,MATR_b2c28,506,1.0794630872518627,0,train
272,MATR_b1c29,909,1.0837137679150843,0,train
273,MATR_b3c34,1146,1.0650441873495893,0,train
274,MATR_b3c13,815,1.0728567184452393,0,validation
275,MATR_b1c19,780,1.089074004115061,0,train
276,MATR_b3c43,1040,1.0766783990068698,0,train
277,MATR_b1c34,736,1.0815503957828287,0,train
278,MATR_b1c32,723,1.0811648561056284,0,train
279,MATR_b3c27,845,1.0671191140956677,0,train
280,MATR_b3c31,727,1.0744121793255534,0,train
281,MATR_b1c34,736,1.0815503957828287,0,train
282,MATR_b1c34,736,1.0815503957828287,0,train
283,MATR_b1c34,736,1.0815503957828287,0,train
284,MATR_b2c42,461,1.0855924839989726,0,train
285,MATR_b2c41,427,1.078606167585529,0,test
286,MATR_b3c14,857,1.080477585007894,0,test
287,MATR_b3c26,1020,1.0772154819450466,0,train
288,MATR_b3c1,1054,1.0703596794731525,0,train
289,MATR_b1c9,1052,1.0901478086881022,0,validation
290,MATR_b3c43,1040,1.0766783990068698,0,train
291,MATR_b1c33,748,1.09591595897722,0,validation
292,MATR_b1c18,682,1.0728279450754683,0,train
293,MATR_b3c6,668,1.0631020727320473,0,train
294,MATR_b3c26,1020,1.0772154819450466,0,train
295,MATR_b2c19,461,1.0521054346803465,0,train
296,MATR_b1c29,909,1.0837137679150843,0,train
297,MATR_b3c38,1928,1.0750429601622304,0,test
298,MATR_b2c20,498,1.0915887895958503,0,train
299,MATR_b1c32,723,1.0811648561056284,0,test
